"u_par","phi_LM_max","phi_LM_min","A_LM_50pc","K_LM","u_clin","phi_D_max","phi_D_min","A_D_50pc","K_D","A_d_PCR_50pc","K_d_PCR","d_PCR_max","d_LM","P_MI","d_MI","sig_het"
46.5395,0.944231,0.0122627,18.247,3.72678,4.50074,0.971775,0.00523084,23.2866,3.90737,14.6828,4.88214,51.806,18.0504,0.350776,46.4141,1.57779
40.5749,0.906438,0.0156893,19.1449,3.92828,4.2751,0.975524,0.00323,22.063,4.28012,11.3159,4.62718,57.4076,19.6247,0.407246,30.1973,1.49431
42.2097,0.984061,0.0187237,18.6461,3.80663,5.21419,0.956926,0.00319171,24.3996,7.31459,9.91005,2.9956,56.1099,15.4992,0.426258,35.6342,1.51827
44.041,0.875881,0.0178837,20.2881,4.06444,4.6632,0.987542,0.00769324,22.9508,6.00281,9.03633,3.96775,47.9719,14.9631,0.150161,24.5812,1.48127
44.1675,0.863287,0.0123789,20.0181,3.85013,4.73096,0.990166,0.00824315,22.9923,5.81454,6.34535,2.77501,75.2169,16.0381,0.556632,46.1259,1.59712
37.4075,0.985152,0.00504118,19.3321,3.16932,4.90471,0.971969,0.00503903,22.9859,5.9976,8.655,5.36779,63.022,17.1483,0.184714,31.562,1.58655
40.7427,0.872227,0.0145037,19.3852,3.58967,4.12056,0.955882,0.00666399,25.0924,5.0839,16.6978,4.5713,43.8131,17.1124,0.117545,91.69,1.52058
39.9664,0.961376,0.0110739,20.0441,3.19951,4.15817,0.933284,0.00402568,26.5989,6.59972,9.20803,3.45341,51.1831,13.5616,0.261755,24.1868,1.60719
45.2671,0.977059,0.00844655,17.3795,3.30103,4.82597,0.980845,0.00537532,23.1849,6.75098,10.4232,4.43811,52.4072,15.6552,0.203118,44.4379,1.68884
39.6387,0.952608,0.0100999,20.2237,3.43594,4.66897,0.942608,0.0146519,22.2304,6.05628,6.39444,4.88361,96.0718,15.1057,0.350025,45.0507,1.67845
38.9835,0.964289,0.00779675,18.0866,2.92193,4.58919,0.984582,0.00557926,22.1398,4.37901,11.4034,4.737,56.519,16.3801,0.600115,43.3356,1.43997
40.496,0.96817,0.00737361,17.4285,2.94871,4.22664,0.973222,0.0111044,22.3588,4.71601,7.22234,3.93009,71.0263,16.0354,0.172236,50.6406,1.5507
42.9319,0.920832,0.0104834,19.1273,3.47141,3.49807,0.979114,0.00161778,30.5197,6.54383,9.44495,3.68273,45.5748,15.4733,0.22067,95.5965,1.61813
42.6265,0.902712,0.00974784,19.4865,3.44648,4.49749,0.898778,0.00379204,30.9093,6.84814,6.59291,3.09996,91.3046,16.0815,0.211405,110.468,1.55426
40.2511,0.905619,0.0127204,19.8147,3.69597,5.80265,0.957627,0.00500814,21.4471,6.49501,8.90317,3.06659,51.3431,16.4466,0.578929,25.563,1.54238
35.8282,0.816266,0.0136577,23.768,4.1604,3.48791,0.962644,0.00390341,26.6682,5.38026,7.24354,2.34891,52.1679,15.5907,0.570867,32.0739,1.57457
43.0599,0.977735,0.010592,17.4828,3.32436,5.85508,0.980878,0.00659703,21.611,7.11225,8.21694,3.94922,61.6983,16.5407,0.510553,42.4736,1.61269
40.3808,0.83314,0.0154387,22.1764,4.22308,4.43196,0.9823,0.00404678,25.4325,5.59955,11.4163,4.192,61.6899,16.5662,0.448283,31.3791,1.64569
38.4943,0.962622,0.00689759,18.9192,3.11387,4.84049,0.979278,0.00865802,23.7653,5.81358,10.9148,6.64045,75.3926,16.0639,0.257882,32.0763,1.56897
41.6333,0.941243,0.0123368,18.718,3.20512,4.98649,0.975792,0.0101694,23.4414,5.70815,9.57706,4.43829,55.8898,16.0571,0.331447,95.2514,1.34433
36.6314,0.956987,0.00994384,19.7305,3.28186,3.89784,0.989648,0.0053214,27.9507,6.48258,10.2991,2.96952,55.4064,16.2257,0.217097,66.9463,1.51831
36.2075,0.97617,0.01068,19.8382,3.04788,3.90285,0.947675,0.00463625,25.7369,6.44949,12.2187,5.61929,51.269,14.5103,0.326798,72.3819,1.55299
43.3551,0.908092,0.0107116,19.2258,3.76237,4.38738,0.974716,0.00441528,24.8859,4.28432,9.00081,3.06625,86.9367,17.2472,0.332602,89.1259,1.64141
40.6694,0.951984,0.00712343,18.9308,3.09401,5.48604,0.905562,0.00824714,24.5627,5.27265,10.8801,4.41653,35.0148,13.9835,0.253914,89.267,1.54449
41.1347,0.960628,0.0139374,18.7828,3.32226,5.90352,0.912818,0.0108564,25.2685,6.22184,7.63647,3.57111,87.6979,16.1936,0.107169,49.3773,1.44155
48.3656,0.99613,0.0124169,16.5499,3.54846,3.62503,0.967731,0.00421792,22.4203,5.45004,14.6325,4.63722,35.9352,17.6472,0.400929,69.8473,1.49703
38.4938,0.843261,0.00963867,21.3275,3.2357,3.74176,0.986115,0.0146328,26.7391,6.71727,8.52359,3.97,53.0995,14.3914,0.274938,29.4024,1.43888
38.9155,0.960108,0.00973218,18.391,3.06941,3.33847,0.997374,0.0138201,22.7258,4.73089,13.0428,2.95335,45.1976,16.8097,0.320088,72.0273,1.47342
35.8992,0.74713,0.0134272,22.7687,3.56708,3.42288,0.88678,0.0075416,32.4108,6.80243,10.4533,5.15993,48.6551,16.1861,0.482037,28.5846,1.50685
45.3392,0.965883,0.0141148,18.5408,3.72572,3.70613,0.989102,0.0082234,21.8672,5.11718,9.67929,3.3693,55.8415,16.1409,0.110784,65.909,1.58197
38.9018,0.918222,0.0101519,18.3412,3.11644,4.4874,0.986365,0.00512587,25.6644,5.46014,9.40847,3.35368,64.7221,16.2938,0.118311,42.8887,1.49677
47.2017,0.941151,0.014301,17.8731,3.61512,4.75262,0.926409,0.00631567,22.3878,6.23029,10.4861,4.33898,38.4523,15.9906,0.451426,47.1928,1.60552
38.2075,0.929873,0.0145242,21.2542,3.72475,3.68445,0.976555,0.00192512,25.8902,5.65006,14.7859,3.60131,39.8533,13.7568,0.176806,109.192,1.62703
37.4531,0.879732,0.00989509,19.8608,3.41709,4.87123,0.955025,0.011704,23.0261,5.26574,14.165,3.48483,40.811,17.9008,0.307303,72.7896,1.59046
41.3148,0.910478,0.0128018,19.0548,3.36933,5.46551,0.957209,0.0120734,22.8337,6.68251,6.94404,3.40182,69.1549,15.8389,0.276516,41.3418,1.53724
38.9988,0.924342,0.0108745,19.4862,3.37925,5.77223,0.989122,0.00617122,21.8136,6.43963,7.9028,3.48556,70.4983,16.8891,0.250356,47.4413,1.53909
45.1388,0.945881,0.0134287,18.2569,3.63621,3.94269,0.977785,0.00749276,24.7474,5.76678,9.92577,6.01056,57.8806,17.6251,0.650445,34.6281,1.53583
41.5525,0.903575,0.0107028,19.9461,3.54493,5.16555,0.950597,0.0136195,21.6214,4.87924,9.64685,4.99213,72.6171,16.8161,0.414501,50.7479,1.48969
42.9419,0.958273,0.0082055,16.9534,2.98133,5.0544,0.97958,0.0115517,23.9146,6.47821,8.35105,3.39177,72.169,16.4547,0.22259,52.1119,1.52674
38.7201,0.909073,0.0112363,21.423,3.58013,4.21276,0.971647,0.0099667,24.5798,5.6157,10.0666,3.597,48.3124,14.8902,0.287333,34.7188,1.61194
39.579,0.92331,0.00954798,19.5926,3.30676,4.49253,0.983603,0.00533811,24.1169,5.62902,15.2791,4.99924,43.349,16.0159,0.292971,63.5258,1.62561
41.8066,0.783478,0.00918158,19.9555,3.39138,3.68428,0.968992,0.00502925,29.1949,5.84582,7.35808,2.76698,58.3267,15.9181,0.167953,83.2691,1.53573
39.0775,0.921893,0.00865919,17.8088,2.96897,3.47563,0.911361,0.00923696,28.5271,7.41065,10.7163,3.00926,41.2592,16.7074,0.152144,85.7492,1.42505
45.857,0.866957,0.0157376,20.1994,3.96553,5.95986,0.932158,0.00981205,24.6622,8.94321,8.861,4.6389,48.206,15.667,0.262584,68.8537,1.53043
37.3945,0.945238,0.00613458,18.9361,3.00372,4.4008,0.985235,0.00695508,24.2084,4.99645,6.21242,3.04021,64.1296,15.7202,0.441513,31.286,1.55921
42.8734,0.964358,0.0109474,18.86,3.5973,4.65541,0.899362,0.00414783,23.676,6.05523,10.8682,4.86159,67.7674,17.12,0.284546,55.2818,1.62389
40.5992,0.942453,0.0114427,18.3778,3.38028,6.47337,0.962551,0.00394276,25.6019,7.61292,13.6767,5.22605,47.2988,17.9191,0.259571,116.746,1.537
47.3538,0.969389,0.0141699,17.9562,3.74904,3.19691,0.941362,0.00398055,22.0263,3.46602,14.8853,5.45886,37.8451,17.1125,0.681172,26.152,1.54518
44.5477,0.989684,0.0123507,16.3042,3.13104,3.18173,0.936119,0.0258885,22.9198,4.83308,8.86202,4.91497,87.8324,16.4892,0.0988101,44.1328,1.35911
44.9912,0.928809,0.0101645,17.4966,3.3847,3.57114,0.981695,0.00380283,27.0522,6.53207,12.9951,6.80997,42.305,17.9801,0.46191,54.6705,1.62545
40.7609,0.895146,0.00963424,19.505,3.22295,3.02999,0.923597,0.00805036,22.9028,3.74664,16.2703,4.21813,30.4164,14.822,0.283476,74.8127,1.48481
41.6924,0.977781,0.0147868,19.2185,3.66295,5.3129,0.93411,0.00490658,24.5024,6.22696,10.3161,4.22752,43.9,15.1826,0.348448,109.235,1.50526
39.744,0.920422,0.00871807,20.2405,3.47473,4.4189,0.980427,0.0014297,24.2473,5.3151,7.94752,3.39106,50.817,16.1111,0.255447,41.4225,1.66625
45.9526,0.900451,0.0127663,18.3722,3.65651,3.2439,0.987389,0.00530078,24.7347,6.78841,12.699,4.29952,57.7557,16.6313,0.273809,29.2138,1.52613
48.6675,0.937994,0.0124645,18.3559,3.57809,4.13137,0.98153,0.00943283,21.6279,5.53712,7.73349,3.38552,64.6814,15.6318,0.161835,34.6737,1.49494
49.418,0.91943,0.0108439,17.8903,3.5885,5.15852,0.974556,0.00682476,25.7417,7.01166,12.5573,6.32363,50.1455,14.9892,0.356846,70.609,1.60272
39.3762,0.902326,0.00304258,19.4861,2.91574,3.71913,0.958376,0.0103924,23.6677,5.12393,10.0956,4.59304,63.2832,15.9927,0.573411,41.4961,1.5989
44.6247,0.854178,0.00971345,19.729,3.57703,3.41352,0.968803,0.00568868,26.74,4.24317,15.0036,5.29201,39.1309,15.6005,0.431398,30.3712,1.54815
38.5525,0.924735,0.00927187,19.3548,3.11189,4.53051,0.962515,0.00821487,21.9036,4.60796,7.57539,3.69714,69.9974,15.6827,0.190226,27.4134,1.50732
45.7701,0.870135,0.00843812,17.8599,3.43686,4.23499,0.943626,0.00801529,24.0278,6.16774,8.40597,3.70048,65.9961,18.1389,0.296975,17.1426,1.54371
42.0774,0.986767,0.00678519,17.8706,3.09312,3.20132,0.99189,0.00489309,24.0668,4.70394,11.548,3.76666,51.8508,16.0557,0.224753,64.4679,1.54735
47.5639,0.949725,0.0122038,17.9058,3.68385,3.04216,0.964285,0.00228427,29.3029,4.3594,10.779,3.1949,80.4145,15.8458,0.325504,81.6474,1.68188
40.2653,0.902151,0.0102198,19.7477,3.31773,4.57872,0.952227,0.00712459,25.1243,6.4575,7.3329,8.02803,71.2362,14.7483,0.522866,35.8343,1.5778
40.7038,0.866963,0.0105227,20.3008,3.5252,2.9411,0.941317,0.00552457,27.4078,5.00782,10.6165,4.60322,43.5463,14.9299,0.624898,27.6976,1.62596
45.3883,0.954139,0.0108711,17.9343,3.49514,4.62136,0.937271,0.00904896,23.9939,6.08504,11.1585,3.30142,37.9818,15.0319,0.190803,56.5592,1.60295
43.0356,0.949955,0.0115946,19.3185,3.42053,4.15372,0.89878,0.0046025,27.601,5.91543,12.7197,5.26639,34.3019,13.7656,0.30844,56.379,1.49255
41.9452,0.926656,0.010231,19.5082,3.46621,4.49887,0.946801,0.00724133,23.8265,4.68769,8.80643,3.22528,42.5954,16.1291,0.199401,60.5884,1.56352
47.4255,0.92484,0.0136832,17.4659,3.65039,3.18251,0.960558,0.00505799,24.2206,4.649,9.72645,3.73861,56.7864,17.9825,0.203864,64.9405,1.46918
40.5147,0.889255,0.0120413,19.8598,3.33739,4.22812,0.913401,0.00821247,25.2745,7.89638,11.1185,5.63001,37.4765,16.1636,0.314932,42.9597,1.52524
43.8044,0.936525,0.00953001,17.9483,3.31191,3.32015,0.969493,0.00232836,23.627,4.89635,10.1766,2.82596,41.5449,16.9989,0.286823,34.7771,1.51789
45.9313,0.954141,0.0105549,18.0218,3.51746,3.71661,0.917755,0.00596245,25.7987,5.78579,8.94376,2.59224,67.2576,16.7908,0.150068,39.5047,1.51284
43.8967,0.971486,0.0115114,16.6392,3.21744,3.59204,0.946838,0.00748409,24.421,5.89251,9.97297,6.84194,90.7156,18.4707,0.298041,52.5984,1.47166
47.681,0.911901,0.0147111,18.9231,3.86551,3.58692,0.957891,0.00514287,26.5389,4.47437,16.7172,8.51566,37.0721,15.0301,0.387174,92.2751,1.64143
42.7019,0.943128,0.00919431,18.668,3.34232,4.16237,0.958701,0.00521412,24.5499,7.35852,10.0656,3.40644,64.6553,17.0125,0.092589,40.5525,1.5367
40.8425,0.936284,0.0125077,18.3024,3.29154,3.46369,0.963021,0.0103621,23.7798,5.23759,10.8491,5.47622,53.82,16.6815,0.248372,55.1057,1.40555
42.701,0.949112,0.0122827,19.1017,3.4949,5.13304,0.959803,0.0139141,22.7896,8.25008,7.77228,4.91201,59.2434,15.1867,0.422686,42.136,1.53908
47.3006,0.926877,0.012845,19.9047,3.8045,4.38436,0.982407,0.00406073,23.4186,5.32292,7.56544,2.43238,51.1609,14.9355,0.310986,30.9739,1.64329
43.6708,0.990631,0.0166806,18.3029,3.53723,4.53909,0.986554,0.00327271,22.3393,6.02903,13.2516,4.21941,58.0882,14.3619,0.184933,61.642,1.51555
43.9693,0.937536,0.0145505,18.4192,3.70823,2.56233,0.953737,0.00888713,23.5452,4.39701,8.85122,2.90903,61.8262,16.6315,0.175842,58.3858,1.50473
41.0082,0.967074,0.0119252,18.9218,3.43791,4.21342,0.931735,0.00367999,25.0742,7.49656,15.6634,4.52563,38.8645,15.784,0.413369,66.0212,1.57233
40.8814,0.922769,0.00816935,18.4665,3.18637,4.32627,0.928469,0.00490709,24.7425,5.81136,10.8401,3.09127,37.7623,16.4346,0.143838,62.098,1.48109
32.5011,0.858412,0.0107118,23.0105,3.42248,5.39867,0.981597,0.00509209,23.3211,5.83141,12.1114,3.51338,39.5164,15.2973,0.313296,27.2087,1.58554
44.1089,0.890618,0.00707477,19.5485,3.47438,4.92714,0.863087,0.00324345,27.3121,7.11633,13.2715,2.60491,41.5779,16.2127,0.192761,64.5612,1.74729
42.9206,0.87587,0.0121076,19.9449,3.57579,4.72153,0.859268,0.00701387,26.8004,7.71652,12.222,3.59848,34.9587,16.5755,0.280691,69.7298,1.41476
41.4786,0.953409,0.00867901,16.9602,2.9055,3.51481,0.96245,0.00423446,25.6552,6.4536,7.84744,3.39915,68.2704,16.8165,0.329587,51.3318,1.49919
41.7088,0.9143,0.0084285,19.0254,3.19757,4.17182,0.971331,0.00866335,24.2701,4.83769,6.52839,4.02634,66.7231,15.5501,0.414021,29.3267,1.56369
47.4819,0.861474,0.0096149,17.6642,3.32105,3.93862,0.923778,0.00794626,27.1954,7.08707,10.8246,5.07575,46.2396,15.9933,0.298115,73.0481,1.47872
41.7408,0.861524,0.0123396,19.9885,3.43295,4.38598,0.986287,0.00347876,28.0152,7.89044,9.69455,3.97651,50.5441,15.0075,0.305693,75.8245,1.54095
38.4813,0.857809,0.0107405,21.336,3.36646,4.53014,0.927942,0.0126726,24.9974,6.00215,10.0855,2.94692,32.2788,14.9832,0.158509,72.3311,1.51214
39.7978,0.929947,0.0125632,19.4704,3.42692,4.97261,0.977293,0.00812888,23.1078,8.32993,7.84014,3.98368,64.686,16.9841,0.255623,36.3336,1.51112
45.0495,0.975657,0.0124158,17.6573,3.3397,4.42993,0.813915,0.00270794,23.4047,3.11356,10.1477,3.60899,71.0388,16.4433,0.411381,44.0763,1.3855
42.2459,0.954592,0.0095613,17.3484,3.21474,4.17198,0.952036,0.0073823,25.1558,7.00971,8.35498,3.28545,66.6639,17.7956,0.273614,39.8373,1.5128
38.1634,0.914616,0.00743717,19.5129,2.99037,4.54679,0.961234,0.00704701,23.5762,5.01043,10.4398,3.28999,52.5781,15.8089,0.255472,119.537,1.53831
38.2485,0.860081,0.00772497,19.7516,3.03046,4.46723,0.972185,0.0156941,25.7563,9.78374,12.1949,4.21029,54.4446,15.5143,0.500335,30.7349,1.49137
44.7395,0.971003,0.00947706,16.574,3.12253,6.89667,0.893172,0.0089627,20.6247,5.88728,10.9906,6.23824,40.7926,16.587,0.546565,23.5243,1.47161
44.9904,0.970364,0.0127482,18.1382,3.53272,3.50545,0.960412,0.00537515,23.384,4.26137,9.95351,4.80454,58.5317,16.686,0.267742,45.5743,1.49256
47.3913,0.989226,0.00995057,16.888,3.18665,6.22538,0.949937,0.0178349,20.9865,6.84287,10.0386,3.58532,66.7299,17.2921,0.164101,66.9551,1.54209
46.7429,0.904522,0.00866671,16.8716,3.18569,2.27697,0.9623,0.00438929,27.6711,6.22997,10.6976,5.13754,72.3853,17.9243,0.117215,23.9748,1.48244
43.4606,0.905945,0.0147374,19.4345,3.59612,5.09181,0.893372,0.0177488,21.4428,3.67162,9.31809,4.16717,52.0568,15.0556,0.279847,36.3382,1.47153
42.4983,0.979246,0.0110903,18.0623,3.14742,3.90728,0.979223,0.0045257,23.1406,4.88137,8.4489,3.23441,54.4901,15.8617,0.31576,23.965,1.47872
53.5032,0.970209,0.0136182,17.0801,3.87617,4.96881,0.985921,0.00598053,23.292,5.63109,7.68646,3.41146,86.3069,16.182,0.183232,40.1786,1.58951
42.6175,0.913245,0.0105232,18.6109,3.40368,5.73233,0.976903,0.00653752,22.9734,6.13621,9.19145,3.84425,52.446,16.4149,0.466435,27.7253,1.5208
41.9707,0.942725,0.0143541,18.3439,3.27592,4.22972,0.978034,0.015834,22.2619,5.26185,9.71348,3.35964,43.7167,15.083,0.213328,51.3873,1.50178
41.5398,0.970984,0.00896545,17.0239,3.10708,3.86724,0.881939,0.00503246,32.1054,6.65203,10.1263,6.5161,66.4578,17.7063,0.199411,59.3819,1.49042
39.0045,0.883546,0.0122261,19.7854,3.42129,5.33412,0.984571,0.00464256,26.2555,8.02231,10.7947,7.44545,70.713,16.0468,0.35135,67.59,1.45917
45.2772,0.938149,0.0114199,18.7254,3.56612,4.3245,0.943655,0.00238801,26.1399,5.31364,11.4746,3.99229,44.168,15.3943,0.24747,70.2817,1.55744
42.5128,0.855985,0.0137304,20.8335,4.00199,4.85735,0.99705,0.00510051,23.8261,6.70601,9.69332,4.10574,48.336,15.004,0.635595,32.2185,1.68424
47.8663,0.950438,0.00975283,17.4336,3.3767,3.75754,0.888515,0.00791645,26.3775,5.29469,6.10643,2.41862,67.2993,16.3676,0.156732,45.6135,1.55507
50.3801,0.938046,0.00847885,16.2006,3.15396,4.03526,0.909796,0.00543588,28.2058,6.20561,10.7291,3.9772,51.1855,16.0786,0.572651,41.2759,1.4004
46.4218,0.922897,0.00722022,17.8349,3.20493,4.53194,0.96123,0.00554704,23.473,4.85906,10.8989,3.17167,38.8124,16.3093,0.253232,34.274,1.51802
38.0268,0.913444,0.0131681,20.6014,3.4491,3.54618,0.988718,0.00347578,26.834,7.41557,13.6109,4.21923,35.9082,14.5216,0.234552,46.484,1.62057
40.6793,0.92342,0.0116875,19.5376,3.30713,5.17296,0.785586,0.00349126,27.8259,6.78653,9.38348,4.45482,46.1091,14.9613,0.757889,21.9622,1.4937
43.7955,0.962803,0.0101139,19.4211,3.69846,3.32884,0.995381,0.00139982,23.8565,3.73048,15.0396,4.38993,45.0705,15.3872,0.326611,62.8963,1.69212
35.6625,0.89658,0.0114358,19.6919,3.15325,4.67569,0.915532,0.0060146,24.885,5.08501,11.2272,4.30297,41.1616,15.9349,0.28583,65.5454,1.50378
41.7539,0.909858,0.00943294,18.5871,3.29109,4.21513,0.937251,0.00755534,24.0482,4.71392,8.45292,2.69864,46.551,15.8852,0.338143,44.662,1.50386
45.3044,0.916755,0.00891629,18.1927,3.44399,3.62712,0.939927,0.00589492,26.3806,6.30793,11.4901,5.18275,38.5957,16.328,0.337414,52.2332,1.61707
43.4716,0.927155,0.0146933,19.4798,3.64491,5.34997,0.895773,0.00764555,23.0093,5.14179,6.235,2.95236,50.0693,14.5529,0.158515,45.6041,1.5495
50.3124,0.89531,0.0144905,18.7831,3.85578,4.59153,0.977509,0.00984712,22.3135,5.94584,8.15613,5.70493,49.4062,14.3573,0.121488,60.2098,1.55872
41.4888,0.98239,0.0105469,17.6171,3.19086,5.70956,0.954365,0.00961015,22.0073,8.18368,8.10787,4.17205,82.4767,16.2914,0.116964,60.599,1.5302
45.0926,0.943763,0.0103563,16.8371,3.09065,4.33219,0.962401,0.0135933,21.8841,5.7503,12.7733,3.29343,37.8361,16.638,0.153869,30.056,1.42188
47.9403,0.920893,0.0148347,18.4884,3.70719,4.84919,0.909337,0.00484775,27.5724,7.80297,9.38755,4.61491,63.7214,14.4566,0.377821,54.2058,1.62188
48.6683,0.962491,0.0139635,17.1242,3.53218,6.12332,0.953428,0.00394553,23.4425,6.46588,6.85198,3.21858,67.063,16.3034,0.317568,77.7179,1.51575
42.9755,0.91025,0.0140589,19.195,3.41042,3.33357,0.990715,0.0065571,22.9978,4.26624,9.34449,2.57471,41.067,13.8424,0.125478,71.0521,1.53531
42.5861,0.950971,0.0106621,18.4514,3.32351,4.74247,0.990782,0.00550862,24.3376,5.57521,10.2325,3.44929,52.2696,15.4207,0.368417,81.4443,1.45431
47.2576,0.909754,0.0137838,17.8982,3.78528,4.59116,0.920837,0.00624049,24.9892,4.41257,10.1809,4.31571,58.0251,18.0606,0.439596,49.0128,1.5338
40.2875,0.877947,0.00958925,18.8891,3.20045,4.05616,0.946057,0.00290637,24.8521,5.42266,6.52394,3.20089,74.5064,17.564,0.653293,23.6327,1.46236
39.2657,0.956265,0.00600617,17.5066,2.9471,3.7388,0.962754,0.00702024,23.6339,6.60183,9.18902,3.61867,62.4514,17.9621,0.458996,32.3962,1.51353
38.4255,0.907106,0.00962813,20.3695,3.28868,5.1989,0.913335,0.0039943,24.9183,7.69331,12.8382,5.38199,42.5389,15.289,0.276781,73.6451,1.5681
47.5865,0.995377,0.0101764,17.7606,3.46907,4.75722,0.919641,0.00652749,23.8678,5.65553,10.2776,4.1931,54.3986,15.0771,0.313616,47.6269,1.60586
44.2193,0.951836,0.0141598,18.2094,3.6326,4.63208,0.987253,0.010767,23.305,5.17217,9.33523,3.48973,70.253,16.6886,0.097823,66.0578,1.443
36.3208,0.918199,0.0058382,20.0874,3.04381,7.25982,0.982102,0.00184742,22.9987,6.22872,7.97998,2.79686,77.2175,16.2313,0.349384,47.2506,1.57855
41.3538,0.940385,0.0113948,18.751,3.29111,3.0989,0.968796,0.0105177,25.7986,5.81519,8.9913,3.94418,56.9026,16.2945,0.199952,43.0388,1.47676
51.088,0.939893,0.010686,17.0414,3.40286,4.73051,0.979523,0.0124346,23.3218,6.10774,8.3544,3.34941,48.0627,14.7036,0.346897,68.0022,1.48837
43.3091,0.86693,0.0120885,19.7502,3.62255,4.57221,0.982256,0.00307133,24.0578,3.81662,8.77567,3.078,46.6643,14.3168,0.335426,96.6089,1.55084
44.6473,0.975931,0.0114194,17.525,3.32287,4.28356,0.982143,0.00528689,23.0044,4.63239,10.1114,3.2971,55.3481,18.2061,0.260695,55.843,1.47906
42.2785,0.972744,0.0136638,17.8629,3.22182,4.74363,0.936963,0.00949412,22.8551,6.91747,9.26252,6.38204,57.8845,15.7272,0.287006,34.9969,1.41396
45.3039,0.892331,0.00924755,18.2693,3.26848,4.67503,0.976921,0.00622325,23.4798,5.40008,7.60221,3.25752,50.6943,16.2484,0.291699,63.0961,1.50146
44.3339,0.912992,0.00895959,19.1332,3.43524,6.46466,0.924173,0.00639831,22.7168,5.4437,13.151,4.13135,39.0139,16.1439,0.22942,131.3,1.59238
44.4716,0.941169,0.00940488,17.4131,3.25491,4.50491,0.994802,0.0169584,20.6527,4.17277,9.95988,5.2164,69.3159,16.3822,0.410693,53.3915,1.50106
43.227,0.955685,0.0107231,18.7099,3.28315,4.40461,0.881645,0.012921,24.6429,6.35026,12.0001,3.54796,50.0077,15.3728,0.658356,24.2827,1.57358
44.0071,0.968124,0.0128974,18.1695,3.38498,4.43139,0.982896,0.015294,21.3982,4.90323,13.9377,3.92137,48.3587,15.4905,0.261481,40.2729,1.46449
41.8006,0.945015,0.00616327,17.4729,2.9001,4.10301,0.99648,0.00934941,24.2142,5.85046,11.6553,4.22066,54.488,16.087,0.303488,74.2787,1.46653
39.9655,0.849603,0.00795579,20.014,3.28389,3.6993,0.972998,0.00475863,25.185,4.70115,9.17356,3.09443,57.2231,16.7584,0.193622,97.7108,1.5539
40.7418,0.990938,0.00986536,16.4496,2.95547,4.28723,0.933174,0.00885999,24.1575,6.42159,12.2446,4.36626,54.3504,17.7123,0.472167,36.1049,1.49793
45.6943,0.907189,0.0127372,20.7744,3.93913,4.53007,0.965041,0.00634175,23.1542,5.51626,11.2784,4.2178,37.7999,13.4335,0.733811,23.9369,1.59793
42.3444,0.974242,0.0136827,17.1314,3.17165,4.147,0.916947,0.0157387,21.1199,4.44027,10.7928,4.16323,35.7872,16.932,0.311616,70.76,1.42381
42.3817,0.952995,0.0123786,18.343,3.46896,6.7931,0.963043,0.0098429,20.6629,7.13432,8.3942,4.64373,74.0885,16.3937,0.231719,83.3142,1.49128
41.0027,0.937683,0.00921516,18.4868,3.22147,5.27562,0.965247,0.00453269,23.5609,5.1631,7.90322,3.49221,70.5923,16.8976,0.223988,73.5569,1.52497
49.5659,0.931306,0.0125589,17.5221,3.40386,3.64419,0.951917,0.00472709,27.2443,7.75566,9.56003,4.10396,43.0133,14.8625,0.223077,36.4063,1.48819
43.6286,0.956783,0.00948036,16.8598,3.09286,4.56118,0.960473,0.00760478,25.4374,7.29276,6.91273,3.86574,71.6007,16.7903,0.12073,55.3441,1.43145
40.8932,0.971361,0.00771673,17.4643,3.11378,2.34522,0.981031,0.00183965,27.7026,4.19168,10.8687,3.08438,41.4835,16.9278,0.214602,78.7003,1.537
49.7419,0.920527,0.0119114,17.1415,3.40556,4.06529,0.956358,0.0124146,22.8864,5.11584,9.63368,3.77094,40.8525,15.6942,0.318141,38.3194,1.39442
46.6778,0.845523,0.00901605,18.7539,3.46206,3.09453,0.867232,0.00474949,30.1321,6.87119,11.3268,4.66,41.9027,15.6821,0.30706,32.8728,1.60822
41.4818,0.916739,0.0118556,19.1437,3.31781,3.69584,0.965453,0.00705501,25.1074,6.78427,6.38004,2.92922,73.1275,15.4099,0.631004,20.6688,1.50207
40.851,0.782955,0.0102824,21.8162,3.77264,2.5863,0.958891,0.00182708,27.6988,5.28113,9.3781,4.16141,43.7659,15.5449,0.293843,23.4323,1.60433
46.1879,0.884324,0.00711573,16.6991,3.08412,3.6116,0.952986,0.00634933,27.2572,6.39892,8.94893,5.9874,70.2013,17.8411,0.227047,26.9269,1.51238
45.1423,0.924186,0.0123174,16.9826,3.28651,5.42649,0.983829,0.00978706,24.6294,6.68408,6.25812,3.11302,57.5417,17.3736,0.333154,70.4551,1.49697
40.8372,0.795337,0.00839788,19.1584,3.41248,3.70167,0.928278,0.00532006,28.3906,4.71499,12.0939,4.41213,56.0849,18.9418,0.250803,55.2013,1.49114
41.2681,0.9344,0.00190197,17.7264,2.84825,3.95237,0.984925,0.00620741,26.2402,6.60222,15.1203,3.95957,35.0123,15.8189,0.823273,20.9931,1.65908
40.4034,0.972776,0.00759082,16.275,2.86511,4.18408,0.952372,0.0143284,21.5001,3.4362,11.8744,5.91391,51.843,19.2886,0.153502,46.8615,1.39373
41.8747,0.973741,0.00667947,17.2065,2.95473,6.52961,0.948551,0.00665315,21.8756,8.0493,9.46364,4.0168,60.7621,16.6338,0.246656,82.6722,1.53101
40.3589,0.94985,0.0133357,19.9024,3.72735,4.15661,0.995817,0.00788774,23.7693,6.32845,16.0635,4.29594,50.5346,15.5428,0.419044,49.5726,1.60512
36.5897,0.960935,0.0103963,19.9983,3.23929,3.61802,0.916009,0.00341098,26.5361,4.89916,7.36602,5.15566,77.7876,15.1215,0.191217,65.0771,1.59449
38.6414,0.959781,0.00795477,19.4785,3.11039,4.93529,0.907092,0.00824311,22.2426,5.47032,10.3322,3.02139,54.4926,15.2517,0.404082,44.5209,1.67121
42.5128,0.887215,0.0112296,20.2601,3.63381,4.28742,0.920639,0.00523956,25.356,4.2044,11.664,4.44084,55.5852,14.4555,0.191204,124.71,1.54564
43.3904,0.853904,0.0156756,20.4551,4.09502,4.6164,0.9564,0.00371948,25.7734,6.12848,8.95228,2.70636,51.9776,16.2691,0.266095,45.093,1.53558
49.1476,0.928875,0.0159543,17.5275,3.75402,4.63246,0.91875,0.0139122,21.69,4.30052,6.65615,3.2299,49.4498,15.8326,0.52591,23.6025,1.45098
45.1173,0.894732,0.0181544,18.7228,3.83777,4.98472,0.953408,0.00848468,24.4481,8.12954,6.53217,3.12303,66.2242,16.0123,0.352711,31.4721,1.47372
39.1791,0.965265,0.00743326,18.6284,3.00656,4.38631,0.932474,0.0052905,23.882,4.49963,9.30297,3.77267,39.9061,15.54,0.516358,37.3043,1.54953
45.331,0.985095,0.0147123,17.2567,3.29839,5.78055,0.957493,0.0176253,21.8935,7.5189,9.73483,5.10373,65.1648,16.055,0.357936,63.5006,1.47728
43.2386,0.941285,0.012149,18.4057,3.42971,5.27375,0.984525,0.00386479,21.0317,3.86433,9.48498,4.41347,55.8275,15.6165,0.390993,78.4436,1.48438
40.1348,0.897206,0.012433,19.4413,3.65622,4.80976,0.9923,0.0101673,23.4165,6.20893,10.8453,3.51134,61.6376,17.4046,0.176626,126.371,1.58918
44.174,0.968124,0.0105796,17.8531,3.37946,3.95665,0.906441,0.00500374,25.405,5.8867,9.02888,5.22833,58.6151,15.3585,0.284897,61.0195,1.58479
44.5801,0.970316,0.014835,18.808,3.7436,4.96361,0.944382,0.00917363,21.9348,3.89374,9.19736,3.18658,63.2671,15.2461,0.315038,38.0754,1.50226
42.8414,0.928618,0.0112269,18.2463,3.32712,3.23937,0.920215,0.00953152,26.6891,4.09822,8.40131,2.75412,43.9877,15.5532,0.329277,92.2184,1.54802
41.8766,0.989541,0.0133336,18.4824,3.37017,5.29303,0.942555,0.0094008,22.1898,6.47678,8.38471,2.78181,43.4615,15.8526,0.41643,38.3571,1.54279
39.1997,0.955913,0.0105222,18.1485,3.10393,3.94076,0.975874,0.00273676,25.163,6.3139,7.79647,3.19243,66.3471,16.3506,0.320632,39.9262,1.57148
48.756,0.951179,0.0125569,17.1088,3.34207,3.40854,0.913547,0.00948087,26.5165,4.13474,12.6621,4.19076,38.7449,15.842,0.240769,130.764,1.38268
39.0638,0.871322,0.0089948,19.6732,3.18032,4.47112,0.954045,0.00751003,27.0905,8.01616,6.87514,2.41569,47.359,15.5627,0.571226,18.3374,1.59433
34.0983,0.959736,0.00823676,21.0728,3.20459,4.98676,0.927249,0.00623733,22.977,4.88074,8.77076,4.6665,64.6322,15.4036,0.552058,25.5165,1.55815
36.2732,0.869667,0.0106533,21.2676,3.39769,3.52647,0.931306,0.00631049,30.7162,5.47267,10.3972,4.49078,53.0777,15.8416,0.284396,44.7616,1.55278
48.7548,0.973113,0.0159552,17.9009,3.78477,3.9722,0.917218,0.00617987,23.7459,4.72416,8.69474,3.23092,52.4288,14.5673,0.324697,45.0522,1.49703
36.7416,0.957009,0.00623579,20.2165,3.21059,5.84578,0.917715,0.0035692,25.2947,5.91083,10.6713,7.45772,76.1998,16.225,0.522114,19.6203,1.67882
43.2916,0.86129,0.0141981,20.8938,3.76839,4.80752,0.905493,0.00642499,27.3995,5.79688,7.73823,3.17257,70.0459,15.0511,0.215127,101.625,1.52355
44.0012,0.997216,0.0116956,16.9933,3.33569,4.86346,0.898766,0.00911692,23.7428,4.95274,9.28182,3.93878,81.1324,18.4973,0.495448,22.661,1.56699
40.8508,0.962781,0.00930578,18.2621,3.03047,5.3369,0.976469,0.0125124,22.2861,5.92458,10.0379,4.03459,49.0375,14.6177,0.179633,40.0077,1.474
46.842,0.965212,0.0181072,18.1114,3.78608,4.73897,0.885165,0.00514909,24.1711,3.97898,9.50778,4.79712,69.1738,16.4234,0.378045,43.7578,1.50532
39.3507,0.984701,0.0129317,18.9957,3.40155,5.61127,0.873271,0.00306313,22.8442,4.1235,8.81175,3.17443,59.8125,15.4605,0.0780438,95.1849,1.48637
44.9214,0.942932,0.0135723,18.3527,3.59285,3.59744,0.97236,0.00352312,24.4218,4.54819,9.45478,2.79431,52.3997,17.0184,0.373259,80.0005,1.54015
38.9443,0.902228,0.0073692,19.8407,3.21016,5.11642,0.944676,0.00368272,23.7443,6.9645,7.45721,3.84531,51.3405,16.1745,0.159435,70.3045,1.57298
43.404,0.919655,0.0117461,17.6335,3.15323,4.48519,0.997245,0.00678072,23.6417,4.64105,12.2302,4.55005,49.227,16.523,0.67534,27.1982,1.39263
41.8363,0.870408,0.0130403,20.2268,3.47971,3.50166,0.967943,0.015593,22.8525,4.84895,8.81411,3.1005,39.4508,15.0504,0.321782,53.8573,1.40633
40.9939,0.942564,0.00841506,19.1873,3.33626,5.05522,0.974976,0.00401003,21.8919,3.69157,11.1071,3.15028,44.8239,15.7271,0.379064,62.5651,1.56476
34.4402,0.9276,0.00887437,21.4443,3.35833,4.17831,0.947308,0.00675197,27.6882,8.38731,12.1498,5.10782,49.0018,15.5256,0.26917,69.9208,1.56971
44.414,0.844579,0.0125207,19.4491,3.73775,3.72354,0.886917,0.00569448,29.6787,7.45848,10.2491,3.67399,44.5298,16.9277,0.378579,93.1329,1.49613
40.0078,0.934147,0.0102176,18.5346,3.23629,5.40525,0.975794,0.00676841,22.5965,8.21519,9.35574,3.89365,80.4921,16.9981,0.440169,29.972,1.6032
41.8049,0.960268,0.0105756,19.0336,3.50441,4.1861,0.944898,0.00588088,25.4675,6.07602,14.4584,3.20367,47.8825,16.8386,0.111755,54.2168,1.63234
42.4484,0.960529,0.0100895,18.7808,3.31535,5.12862,0.976472,0.00979736,22.5745,5.29562,14.1174,4.49659,49.3204,15.1642,0.113691,67.1778,1.54215
33.9453,0.883085,0.0116674,21.0377,3.22382,4.30561,0.961019,0.00563124,25.0064,4.14018,13.1267,4.48556,37.7862,15.7581,0.259046,72.4087,1.4953
39.5224,0.876773,0.0111562,19.8452,3.45296,3.3034,0.971713,0.00282915,27.2543,5.49757,8.05544,3.05904,66.304,16.4568,0.0703044,38.4414,1.56029
41.7212,0.87147,0.00700659,18.8465,3.09315,5.34889,0.983655,0.0111119,22.3855,7.43055,12.8772,4.26647,36.2717,15.5296,0.344422,44.822,1.55682
41.1462,0.917193,0.0108745,18.8959,3.40451,3.75778,0.91639,0.0068107,29.2831,5.65357,10.5004,3.53508,59.7619,16.0926,0.565879,45.6813,1.57897
37.7377,0.937791,0.00978006,18.0751,2.9261,3.88527,0.895502,0.00651369,28.5337,8.61047,9.57293,3.95455,57.1947,16.9906,0.327621,41.2432,1.50131
45.441,0.927123,0.00812797,17.6667,3.33182,4.70432,0.994388,0.0080178,24.497,5.92074,8.14438,3.39488,65.9271,17.5519,0.214402,60.3843,1.5229
42.4281,0.947192,0.00956005,17.9621,3.29921,4.84906,0.951667,0.0100008,23.8619,5.06287,10.5843,5.57065,60.8363,17.2309,0.210366,51.2656,1.50635
41.8355,0.885521,0.0121922,19.2617,3.64758,4.46157,0.982263,0.00490322,25.9717,5.55654,13.0359,4.44576,44.8679,16.6241,0.246739,40.4804,1.61491
39.6015,0.944472,0.00676339,18.682,3.15521,4.02583,0.927917,0.00688818,26.2799,8.10318,6.79983,4.26459,52.259,15.6515,0.322215,50.1144,1.64189
38.4685,0.970074,0.00863981,17.8855,3.01136,3.37851,0.943229,0.00535415,25.9218,6.4103,11.7107,3.74718,49.8286,16.8574,0.257877,67.5078,1.60457
39.3584,0.897222,0.00879197,19.755,3.17329,5.3939,0.9898,0.00741873,24.101,7.84662,7.71343,2.94436,55.8082,15.7102,0.636802,26.1503,1.5717
38.7925,0.961094,0.0109793,19.7255,3.30156,4.84646,0.998689,0.00714213,22.1658,5.01568,8.6022,4.25642,85.5077,16.3367,0.271811,53.6271,1.54708
43.3444,0.984913,0.0143844,19.3796,3.75542,2.90312,0.993402,0.00696939,25.4943,6.77032,7.06301,3.43668,90.655,15.2745,0.119236,38.4661,1.58076
40.4867,0.931968,0.011497,19.4283,3.33207,4.52902,0.996803,0.0076919,26.813,7.76261,10.9112,3.90516,44.0637,14.5701,0.343503,35.2607,1.61748
45.4488,0.890152,0.0136335,18.3627,3.5877,4.25288,0.959985,0.00725045,27.3618,6.15087,10.3973,3.56765,46.723,16.1867,0.204143,47.2633,1.50161
42.976,0.896777,0.00984046,18.7681,3.38318,3.91737,0.970806,0.00563749,23.6222,5.92354,10.9392,3.60946,52.9066,16.8828,0.328827,35.8175,1.56656
45.5174,0.921186,0.0141983,18.574,3.49856,3.92628,0.918776,0.00845625,25.628,6.26492,11.5278,4.33277,35.7602,14.5494,0.306636,83.4475,1.4409
42.2939,0.971396,0.0102643,17.8491,3.33895,3.05057,0.937878,0.00514805,23.5945,3.1751,7.14483,2.45703,54.3416,16.5814,0.381514,39.5564,1.4725
43.842,0.881809,0.00944779,18.4819,3.22482,3.14337,0.908205,0.0137339,23.9277,5.82419,12.0828,3.66132,40.3,16.021,0.39925,36.3411,1.50482
40.8931,0.891566,0.0106663,20.6855,3.50305,3.69902,0.978412,0.00435805,25.8575,5.56804,10.7717,4.63174,40.9996,14.5371,0.325639,53.1414,1.53653
40.9839,0.823364,0.00942286,21.6359,3.68344,3.89162,0.963091,0.00338038,27.8379,6.19586,17.6435,7.91189,35.7095,14.2282,0.336614,81.7106,1.64296
45.0113,0.8174,0.0108894,20.1317,3.65408,4.63391,0.902426,0.00530288,26.6345,5.5501,12.7453,5.0788,41.7322,15.3009,0.231809,64.6844,1.46456
36.9564,0.821101,0.0120204,22.7603,3.62178,2.93511,0.931946,0.00521663,27.6419,6.88328,16.4804,3.87363,34.0692,15.3898,0.295499,42.0898,1.54588
42.9792,0.944108,0.00484954,17.646,2.91367,6.79332,0.91553,0.00980775,22.5163,8.46405,9.86051,3.56621,52.1565,16.3772,0.219016,78.3648,1.54874
45.5508,0.878689,0.0120384,19.1343,3.61076,4.76693,0.897057,0.00829251,23.7997,6.70194,9.83106,4.17992,40.8021,15.6824,0.449168,34.3503,1.48501
42.0026,0.951188,0.0100537,18.3092,3.45951,4.76124,0.928875,0.00228594,25.6678,4.64617,8.05564,5.07793,67.168,16.1453,0.308874,61.4079,1.64623
38.4435,0.95962,0.00554167,18.7529,2.84659,3.3877,0.965481,0.00620679,26.3469,6.11107,7.70541,3.69257,46.9943,14.4955,0.153362,42.3353,1.56293
42.3287,0.926596,0.00757434,17.907,3.11963,4.01057,0.938186,0.00522803,25.7548,5.42757,8.63355,3.93115,69.1903,16.6008,0.226809,68.229,1.62595
40.7661,0.849248,0.00796685,20.8534,3.45647,5.09996,0.972511,0.00633802,25.0107,7.23005,10.1179,3.56568,43.9766,15.9101,0.204079,52.9337,1.53927
41.1855,0.887049,0.00916928,20.252,3.35771,4.52779,0.94493,0.00353607,26.3485,5.4162,9.35139,3.41978,45.7139,15.9663,0.243041,87.5743,1.62441
39.8071,0.912851,0.0137303,21.0203,3.8462,3.93273,0.923427,0.0059553,23.3032,3.55992,12.4845,3.62409,49.3601,15.2193,0.497687,45.0655,1.53655
41.8514,0.86487,0.010024,18.6129,3.35359,4.57485,0.982247,0.00134976,24.8031,6.93904,15.3251,5.04625,36.2198,16.3647,0.212002,76.3123,1.49099
52.971,0.90733,0.00872447,16.2581,3.42725,3.96608,0.989252,0.00660032,24.2375,6.61203,10.2144,3.65344,52.6297,18.5651,0.541482,41.9002,1.5494
48.1322,0.971051,0.0109671,16.872,3.28103,5.32641,0.944464,0.0117129,23.2085,5.18402,12.8278,3.83827,40.7278,15.9572,0.154752,40.5241,1.47357
41.1082,0.941718,0.0106001,18.1522,3.19404,3.55529,0.896514,0.00518651,28.1682,5.79302,7.55782,3.1335,92.9284,16.8412,0.0860067,64.9217,1.57793
40.157,0.938535,0.0114575,19.6898,3.68321,4.58593,0.97309,0.00670191,23.0211,4.99286,9.25839,3.26472,60.1715,17.8585,0.395392,36.7866,1.62246
43.8774,0.916896,0.0159111,18.9457,3.75267,3.70462,0.880671,0.00588684,27.1384,4.90477,8.46334,4.54147,66.8704,16.5283,0.160549,50.2381,1.47591
45.0351,0.975727,0.0147034,18.5013,3.42851,4.6086,0.881445,0.0123243,24.7023,5.36143,13.204,4.05813,36.5865,14.3051,0.147689,51.0383,1.56347
45.3842,0.947569,0.00728545,17.225,2.97968,4.34072,0.956021,0.0126745,24.9389,5.79273,7.41857,3.08603,96.6936,16.0853,0.342537,42.5565,1.46365
39.2175,0.960772,0.0107926,18.5711,3.19813,3.97011,0.969554,0.0160512,23.0065,6.13423,18.1445,5.80613,39.7299,17.5284,0.281971,54.1236,1.53176
43.8901,0.921943,0.0107176,18.1524,3.26284,3.91043,0.989088,0.00802306,23.6038,5.04204,8.33773,3.07725,43.8594,15.4362,0.463023,24.7406,1.47172
43.1272,0.90225,0.0080958,18.0207,3.31513,4.6774,0.980943,0.00560882,24.6701,6.94152,10.5992,4.08375,65.9422,17.8413,0.485881,14,1.64535
43.4355,0.863973,0.00914231,18.9918,3.41694,4.08043,0.946062,0.00818244,26.7779,6.11451,8.21754,3.46027,52.2402,16.8529,0.588303,57.363,1.43271
41.4962,0.954005,0.0118361,19.9217,3.45362,4.44469,0.976523,0.00435118,25.1852,5.75966,7.93328,2.90638,70.4886,14.0654,0.703823,25.6308,1.54267
41.7333,0.966546,0.0165362,19.0005,3.50155,5.89634,0.941916,0.0137539,21.1231,5.62282,7.443,3.22065,73.706,15.2695,0.211646,81.494,1.47252
44.5677,0.924848,0.0160799,18.7343,3.73463,3.46167,0.958899,0.00649804,23.9501,3.74202,14.3313,5.47754,48.7482,16.2777,0.457912,30.2858,1.4803
41.8271,0.94848,0.00980282,19.078,3.4095,4.7982,0.895619,0.00683286,23.8137,8.70732,10.2836,3.28144,46.5061,16.4807,0.248327,58.6751,1.48218
35.0289,0.936782,0.00695014,19.3742,2.92884,4.4072,0.983161,0.0104379,25.6619,5.58634,9.55053,4.18991,65.5814,16.7162,0.557581,23.1256,1.56056
40.9888,0.863484,0.0105907,20.8591,3.65395,3.78285,0.973781,0.00572786,25.5826,5.83018,10.6133,3.34814,45.5685,15.6028,0.370845,38.7658,1.5516
43.8107,0.964472,0.00863925,17.7428,3.31102,3.63017,0.962183,0.00280548,24.1214,4.00596,7.42308,2.16555,65.1831,16.3077,0.340865,34.4461,1.61685
38.4035,0.911892,0.0102736,21.0475,3.57981,3.93393,0.973153,0.00593893,22.8648,6.98955,16.4201,4.16466,40.7682,16.582,0.246796,57.142,1.64998
41.3959,0.894865,0.00853275,19.0991,3.17553,4.65722,0.970121,0.00309584,24.8106,4.60051,9.27496,3.67105,44.1112,15.5028,0.195343,70.6414,1.55619
41.4598,0.88935,0.0085843,19.2792,3.3959,4.61273,0.9894,0.0067282,24.1747,8.04557,8.91676,4.59929,58.3466,17.6756,0.211584,42.5436,1.56912
39.6616,0.955096,0.00847629,17.4576,2.95381,3.6729,0.968954,0.00706723,24.3951,4.71907,8.44519,3.32144,45.6502,16.5825,0.148364,47.9187,1.46676
41.6419,0.883478,0.0100434,17.9124,3.24656,4.16905,0.905605,0.00600691,25.0517,5.35848,10.2484,2.67158,47.4877,17.6768,0.225639,62.7362,1.44516
50.7064,0.937854,0.00793984,16.4041,3.28215,3.44766,0.969802,0.00749724,26.0506,6.17005,9.0163,3.92957,43.4217,16.5426,0.227588,34.5198,1.4701
40.6185,0.954437,0.00822183,17.9928,3.05298,4.39294,0.959686,0.00923296,22.9767,6.58345,9.15142,4.80375,40.7098,16.5395,0.151942,55.4277,1.5922
52.0487,0.966675,0.0125632,15.8292,3.21442,3.18706,0.979407,0.0218182,22.5802,7.26298,11.3429,5.94438,60.8124,15.8125,0.20617,34.2065,1.52777
42.2484,0.976652,0.0107652,18.6986,3.32992,5.44031,0.953557,0.00976396,19.3573,4.7712,10.0435,4.80528,61.6918,15.3802,0.548387,34.1357,1.54362
39.7296,0.909447,0.0096604,20.3169,3.20594,4.70115,0.975822,0.00496237,24.3021,5.07977,15.7838,6.74696,35.7568,14.1371,0.70648,26.804,1.52848
42.698,0.971404,0.0105529,18.203,3.24135,3.25961,0.904861,0.0113237,25.1962,5.37603,10.3571,5.33862,40.0733,16.3088,0.417569,45.2645,1.53497
41.6595,0.873792,0.0159905,20.4289,3.78253,4.19125,0.981362,0.0126269,21.6903,5.06369,9.84615,3.35254,36.0072,15.5921,0.456562,69.8365,1.51909
47.707,0.968609,0.00962021,17.451,3.4276,4.47098,0.952965,0.0148211,23.0792,5.29701,11.9153,5.51901,52.7522,16.4163,0.158935,46.3928,1.57718
43.3103,0.891658,0.0116782,19.6509,3.42909,4.11874,0.923788,0.0104342,21.7723,4.34153,8.70675,3.19012,57.7542,14.9061,0.236139,52.8994,1.41502
42.4958,0.877008,0.012231,19.4843,3.46859,2.81398,0.929848,0.00915064,24.3148,4.27221,12.0038,3.94227,28.3826,14.6653,0.436003,42.0487,1.51692
35.1245,0.939799,0.0141852,20.4466,3.59134,5.44775,0.965095,0.00465609,22.9992,6.03405,10.7389,2.81894,61.2971,16.9307,0.485217,43.5781,1.63183
49.671,0.959389,0.0113991,18.1055,3.62032,4.7162,0.94897,0.0108966,21.1323,6.04288,14.0174,5.7361,46.855,15.3248,0.661211,30.7964,1.55415
42.8717,0.986218,0.0124672,18.1753,3.31347,3.70188,0.906309,0.00685135,24.9694,4.65474,10.2299,5.35616,58.7633,15.8997,0.218122,63.3527,1.46235
44.1284,0.91818,0.0127363,17.9617,3.39574,5.91346,0.979513,0.0120859,20.8555,6.38664,12.6811,3.70408,47.3803,17.3619,0.21578,72.0561,1.48679
41.6018,0.909899,0.0117391,19.038,3.36934,4.42062,0.970907,0.0117657,23.6166,6.78817,11.0969,5.28121,47.1137,15.8698,0.132563,65.1766,1.493
37.6561,0.967226,0.00970187,19.4146,3.23832,3.57,0.976132,0.00518985,23.1479,4.12731,11.4844,4.91461,42.2532,16.2878,0.33664,68.7692,1.59212
46.7001,0.929006,0.0139006,18.0799,3.76099,2.92679,0.955267,0.00549557,26.7894,5.34865,11.5582,4.25219,46.7041,16.4023,0.314379,47.8498,1.56765
45.9526,0.905309,0.0107554,18.0095,3.29596,3.99395,0.969468,0.01351,18.7113,3.08728,9.02655,3.5592,43.6168,16.0968,0.59211,24.3924,1.51402
44.9303,0.904296,0.00663081,18.6807,3.4797,3.95326,0.94752,0.00833666,25.651,6.30224,8.10098,3.77924,89.4978,17.0031,0.393986,30.3805,1.72573
43.6881,0.92426,0.0114161,18.5318,3.53144,4.20715,0.978115,0.00318084,26.0705,4.68361,11.1708,3.8611,53.8997,16.6934,0.366925,59.9138,1.57201
40.8783,0.941516,0.0138865,18.3706,3.45773,4.60174,0.971572,0.00959791,23.7099,6.51838,8.32185,2.97629,62.5302,17.5523,0.323771,64.5014,1.4627
41.2829,0.961525,0.0111985,19.4103,3.48129,4.42347,0.959263,0.0051983,24.5002,6.51474,13.7663,4.08542,41.521,15.3352,0.450219,47.3611,1.56254
39.8021,0.92147,0.0118836,18.3913,3.26333,4.02415,0.978862,0.00468669,26.6572,5.21113,12.1527,3.7324,53.1395,16.8398,0.138947,121.686,1.4918
46.5557,0.947019,0.0111758,17.0899,3.34358,3.78062,0.998148,0.00796732,24.1543,5.41115,9.68098,4.32905,56.8102,17.3251,0.340751,46.7778,1.53227
36.227,0.923142,0.00902179,19.4599,3.12309,5.58942,0.906251,0.00926268,23.0891,6.11661,9.39156,3.46363,59.7836,16.6504,0.309339,26.0697,1.54443
41.0629,0.88563,0.00949245,19.8652,3.37559,5.2192,0.968438,0.00881965,23.7148,6.5074,13.2297,3.14478,38.6369,16.0945,0.318146,110.71,1.51538
40.6163,0.881353,0.00706339,20.1945,3.20865,3.30026,0.983986,0.00378728,24.832,5.36729,13.0198,4.88544,32.7471,14.2156,0.291797,38.0171,1.61106
40.524,0.845769,0.0113577,20.2282,3.65225,4.48756,0.971158,0.00875282,25.1328,6.78705,7.79361,3.71791,64.3959,17.267,0.381514,48.4362,1.65097
41.572,0.926875,0.0135211,19.0121,3.46014,4.03562,0.915686,0.0132122,25.5481,5.20812,13.0456,3.54854,42.7206,14.9392,0.690507,23.1965,1.53736
41.9913,0.95127,0.0137527,19.2964,3.77418,5.21951,0.9829,0.00621164,21.4487,5.52878,9.72831,6.58747,82.8489,17.2132,0.168269,74.4037,1.62062
41.2318,0.960507,0.0147825,19.7143,3.693,4.71153,0.961771,0.00801222,23.9437,7.73643,11.5324,4.0674,55.6086,15.7429,0.505853,48.5854,1.54806
41.5562,0.957783,0.0106564,18.1405,3.4574,4.1651,0.987014,0.00289565,25.3974,5.37717,12.5896,4.12489,44.1283,17.3371,0.217642,50.8551,1.61951
41.0745,0.865712,0.0106187,21.066,3.63069,3.04311,0.969509,0.00708383,26.4376,5.86365,15.6568,4.46204,42.2728,15.1434,0.202121,71.3639,1.50543
38.1376,0.976116,0.00906229,17.8325,3.03243,4.943,0.977773,0.00372376,23.7041,10.5813,9.68581,3.15587,49.5876,17.5523,0.199709,23.7377,1.47073
48.0535,0.959375,0.0181476,18.0408,3.86093,3.88949,0.960334,0.00189638,25.0321,4.54418,14.0015,5.43285,54.6224,15.0023,0.533698,49.7059,1.47892
43.7764,0.949984,0.0106779,19.4816,3.63974,5.19789,0.923757,0.005968,21.6084,5.46614,11.9541,4.05514,60.9816,15.391,0.353174,55.3345,1.65194
40.7735,0.993103,0.00790895,18.0914,3.10943,3.77892,0.967179,0.00640288,24.7963,4.93075,12.9647,4.2162,53.5736,16.1156,0.592575,30.3045,1.51828
42.6998,0.924542,0.0078668,18.6322,3.16021,4.45071,0.903858,0.0134794,25.1633,4.80858,11.7297,5.09439,36.958,15.0425,0.669607,30.5258,1.47039
41.2129,0.870428,0.0116489,19.6622,3.43721,4.17204,0.911377,0.010041,24.9401,4.56797,7.92239,3.11533,51.0082,15.2204,0.383148,44.2506,1.4864
44.0451,0.862781,0.00974392,20.3679,3.73611,3.97974,0.983051,0.00862765,23.6487,6.18438,10.6203,3.05993,36.3742,14.5945,0.384863,40.3126,1.57943
45.4906,0.904933,0.0102395,16.5558,2.90244,5.21552,0.986608,0.00677453,21.381,5.07339,11.4341,3.39894,40.3657,16.2438,0.352601,31.3493,1.41459
34.1787,0.9027,0.00669787,21.931,3.25522,5.3192,0.924478,0.00870318,24.5437,5.60478,12.1842,4.07659,44.023,15.4678,0.13868,57.1532,1.66245
43.9255,0.950207,0.0125584,18.8844,3.6447,3.89452,0.975955,0.00788594,23.0032,6.66943,9.85128,3.5853,42.8763,15.3644,0.607765,30.9979,1.58398
45.8357,0.95865,0.0130828,17.2536,3.51058,4.23017,0.868212,0.00763259,27.2876,5.09406,7.56097,4.53322,64.9254,17.2297,0.264948,45.0929,1.44066
44.9104,0.803218,0.0149376,20.0665,3.87513,3.92668,0.905219,0.00694853,26.3549,4.35962,8.74338,4.99404,54.8486,16.0295,0.257318,68.5226,1.42814
43.2366,0.996915,0.00911734,18.542,3.38703,5.3057,0.969024,0.00720087,20.6838,7.94287,7.73675,3.53858,56.8624,15.2385,0.35543,38.7303,1.64476
38.2938,0.980474,0.00880346,19.9706,3.18482,4.15854,0.936044,0.0087447,23.3217,6.22871,11.947,4.1562,52.6508,15.1886,0.307499,47.4397,1.64749
39.6891,0.946846,0.0126172,20.0108,3.41158,3.82169,0.903552,0.00654668,23.2501,5.14098,14.9571,3.76144,39.8515,14.1704,0.340654,41.2689,1.5537
44.1135,0.888267,0.00904026,18.7298,3.22732,4.19965,0.963699,0.00842317,23.9116,4.99265,7.10213,2.83128,63.4324,15.397,0.360271,55.3529,1.46235
43.1226,0.94514,0.0104589,17.5281,3.4325,5.25792,0.994821,0.00442792,22.7412,6.64581,8.49122,3.60264,64.3717,18.4762,0.492867,33.1118,1.52985
37.917,0.94491,0.0113391,18.833,3.16612,4.58143,0.942895,0.00581913,24.8845,5.71369,12.7963,4.95084,54.6458,17.022,0.409898,30.6167,1.58066
44.6263,0.925103,0.00889037,17.1185,3.16437,3.90305,0.926008,0.00420418,28.538,6.42189,9.35491,4.00333,51.0832,17.2288,0.339035,63.618,1.54337
34.9428,0.867379,0.00943938,19.4774,3.15864,5.3825,0.98667,0.00266598,26.7239,8.46592,9.34079,3.8572,43.0103,18.5459,0.154065,43.4919,1.53378
41.4307,0.878687,0.00978159,20.3005,3.4208,4.34212,0.877617,0.00538295,26.6156,5.7801,13.3848,3.91634,38.6428,15.7435,0.280388,82.1958,1.57731
46.1973,0.905747,0.0109756,17.9764,3.29429,4.8215,0.915505,0.00820442,25.942,6.28112,12.3755,4.58929,53.2796,15.6799,0.679384,22.0093,1.52936
39.6747,0.881774,0.0114171,18.719,3.26246,3.27761,0.931806,0.0120111,26.6265,7.08117,7.73547,4.09525,58.7416,17.9454,0.253968,41.6448,1.47009
39.2704,0.89134,0.0116878,19.8553,3.40769,4.53331,0.942057,0.00741121,26.0308,8.00787,10.2779,4.69564,48.4493,15.8923,0.448386,37.7645,1.43647
42.2719,0.979693,0.00590001,16.807,2.8879,5.16962,0.980558,0.00762656,22.809,5.32276,9.3583,5.60987,59.774,16.3662,0.262116,37.0761,1.52117
43.7049,0.797673,0.00526239,18.6065,3.16787,3.04856,0.964115,0.00681197,27.8402,7.52138,7.628,3.48615,53.1951,17.6248,0.260166,51.0763,1.54634
44.3301,0.860165,0.00701624,17.2687,3.03902,3.83499,0.953177,0.00415501,25.8589,4.78909,8.67108,6.0841,72.5358,17.7595,0.174016,63.4968,1.49424
40.1967,0.902508,0.0109756,18.6612,3.14884,4.54342,0.907168,0.0110352,26.5451,6.16859,10.9747,4.70182,45.1197,17.6447,0.23786,65.9487,1.4785
41.0439,0.924405,0.00702797,18.8334,3.12853,5.12069,0.925808,0.00296829,25.9018,6.59035,7.88249,4.47396,54.992,16.0758,0.352726,61.4442,1.53966
45.4322,0.909336,0.0118284,19.2326,3.76718,4.50623,0.93856,0.0039231,26.4545,5.72554,11.5466,4.49476,39.0971,15.528,0.225076,90.3247,1.55116
41.5169,0.918267,0.011677,19.3496,3.41479,5.0568,0.928149,0.00759942,24.2305,5.645,9.04547,3.49652,40.1841,15.067,0.347051,88.3742,1.55695
45.4326,0.943007,0.0094334,17.6009,3.24916,3.2836,0.936416,0.00439487,29.0901,5.72471,12.4146,4.57449,41.4123,16.0128,0.281444,67.3861,1.49732
40.0384,0.930321,0.0113282,18.3664,3.25549,5.17018,0.952357,0.00864826,24.3138,6.96009,8.65477,5.43351,54.243,16.4812,0.45883,18.68,1.56449
43.6585,0.913738,0.00898487,18.0003,3.109,2.9417,0.986435,0.00647641,26.439,6.20742,7.87836,3.95846,49.4931,15.9251,0.325008,47.3901,1.47362
44.2691,0.850314,0.0117052,19.256,3.4964,5.82369,0.930976,0.00930408,24.5712,8.11118,9.96018,3.23494,44.804,16.4998,0.234877,51.9263,1.57218
47.8185,0.925874,0.0147207,18.4483,3.64812,4.34222,0.97497,0.00799736,24.6551,5.4009,8.41211,3.86474,62.1646,13.99,0.131689,81.4694,1.48479
39.9918,0.873843,0.00835393,18.7662,3.18321,5.30693,0.984656,0.0102611,24.2312,7.27078,10.8579,5.91862,48.4264,17.1284,0.379409,66.506,1.48439
42.8114,0.899591,0.00846537,18.9302,3.12774,3.3915,0.937024,0.0051102,27.5858,6.16135,7.64608,4.77815,55.6627,15.3213,0.401368,30.268,1.50263
43.6571,0.947208,0.0103925,18.0638,3.27591,2.64324,0.922337,0.00606318,27.159,6.64245,8.4936,2.83161,45.6683,15.3004,0.232235,84.437,1.43623
44.2882,0.911528,0.0095804,20.3246,3.52715,4.99626,0.969182,0.00396007,25.5922,8.32421,13.319,4.77229,57.7644,13.9371,0.27559,68.9755,1.67159
45.6932,0.905693,0.0137736,18.6381,3.69629,6.45736,0.910519,0.00630868,26.1706,8.68456,8.27178,4.0387,58.417,15.5061,0.261586,53.5998,1.52855
44.8172,0.920605,0.00851572,17.863,3.3997,3.99574,0.947207,0.00434728,24.7787,5.15535,12.0654,3.58534,46.3306,16.2995,0.326797,74.0851,1.57309
40.214,0.889638,0.00873703,18.4378,3.23143,3.44885,0.936935,0.0054808,21.5825,3.86712,11.7963,3.89357,53.5215,17.5898,0.141804,60.6802,1.52393
40.5817,0.918011,0.00811289,18.6718,3.21943,3.30573,0.87362,0.00691011,24.8479,4.13447,7.28092,2.90654,61.5013,16.7508,0.251037,34.4103,1.58376
39.8395,0.98278,0.01613,19.4939,3.53671,3.03448,0.871272,0.00536217,24.7213,3.66651,15.8065,4.33838,43.5714,15.7458,0.33562,49.1222,1.5044
39.5416,0.977627,0.00924901,18.8692,3.13882,4.11433,0.966251,0.00976085,24.5832,6.76674,12.244,3.39917,49.8723,15.4362,0.378399,48.5212,1.53582
36.6642,0.96059,0.00938964,19.3232,2.96898,4.29634,0.918888,0.00399331,27.5833,6.263,8.80591,3.91278,46.4447,14.0294,0.208623,58.9,1.65089
37.4116,0.868415,0.0093585,20.5171,3.21968,4.28762,0.961989,0.0053675,28.9603,7.35836,9.85,3.66098,62.5429,15.3253,0.406673,35.8048,1.58393
42.705,0.904737,0.0106594,19.1146,3.54592,3.89045,0.933228,0.00463431,26.1446,5.10889,9.60056,5.79463,69.7528,16.5952,0.301983,29.401,1.52166
46.5564,0.934656,0.013023,16.8966,3.33876,4.59019,0.995459,0.0131409,22.7049,7.44346,8.24712,3.42009,66.6668,16.911,0.281707,40.0739,1.4424
41.8646,0.951699,0.0132564,20.0163,3.51771,4.29672,0.892871,0.00695433,24.9182,7.29692,8.35485,3.4482,68.7773,14.3729,0.235442,72.038,1.56085
39.4211,0.909236,0.00743264,20.2063,3.02416,4.48468,0.999223,0.0207749,24.2939,6.11142,8.2822,2.60303,39.5505,13.5551,0.319424,55.9371,1.47205
46.0204,0.823444,0.00779915,18.8387,3.40719,3.73726,0.893393,0.00448883,31.0635,8.14656,10.3547,2.94703,43.9489,16.827,0.330846,54.3896,1.53258
43.4331,0.908166,0.00829812,18.1508,3.26165,4.0054,0.988626,0.00617205,25.4722,6.35354,9.16041,4.43026,56.2582,17.2147,0.283709,35.9112,1.61769
41.8897,0.955026,0.00898073,17.9405,3.17144,4.58241,0.976408,0.0111017,23.6304,5.93915,8.65568,3.26721,62.2963,15.8054,0.0769986,69.6811,1.52085
47.3107,0.90906,0.0123647,18.4459,3.56314,4.67552,0.949431,0.00853737,24.0387,6.45696,12.4565,2.64319,40.9759,14.8396,0.739302,39.5616,1.52324
45.6039,0.91989,0.0118859,17.6327,3.28178,4.05832,0.987695,0.00671658,25.7579,5.52288,9.25596,3.45529,63.3522,15.8723,0.407108,44.0766,1.48281
40.0017,0.894308,0.0129617,20.3998,3.60942,4.01625,0.980935,0.00632508,23.5192,5.01461,9.60924,4.2502,61.5319,15.2213,0.290453,51.3618,1.5029
45.0327,0.834437,0.0147827,20.0872,3.75943,4.02523,0.919365,0.00982052,25.4904,6.82866,9.09374,4.13342,52.5254,15.5714,0.11,89.6608,1.44333
48.7819,0.885256,0.0144988,18.4555,3.90137,4.71432,0.987961,0.00419553,24.2537,6.71342,9.287,3.07611,62.8026,17.2032,0.168776,78.1871,1.56028
40.6821,0.953097,0.0141351,18.9545,3.47877,4.67555,0.988733,0.00786805,21.2578,5.57094,8.2494,4.43343,50.7826,16.5656,0.276112,47.7943,1.467
41.8312,0.937268,0.0121357,19.2079,3.57547,3.926,0.984116,0.0109948,21.1371,5.00536,9.08737,5.83941,79.0831,16.5012,0.194082,41.675,1.47097
37.3643,0.968807,0.0136828,19.9443,3.50564,3.36615,0.979646,0.00573732,26.9988,6.02457,10.9097,4.44782,81.2964,16.9883,0.328813,42.1511,1.52355
40.5572,0.991465,0.0108744,18.8073,3.37669,3.49781,0.937613,0.00542567,23.2842,3.71154,20.6773,4.95455,34.1885,16.8151,0.29902,87.4209,1.51799
40.8369,0.962746,0.0144922,18.9759,3.58506,5.36381,0.959018,0.0184177,18.9493,3.64717,9.62281,3.28041,57.6186,17.4452,0.2128,43.0055,1.54555
40.1931,0.864765,0.00994742,20.4995,3.50764,4.55116,0.954668,0.007395,26.0027,8.07532,9.47683,3.37778,43.3721,14.9505,0.338231,37.1517,1.5861
41.8775,0.944034,0.00554326,17.9655,2.98351,4.11116,0.970951,0.00500312,25.3806,5.17022,11.8539,4.53731,55.1528,16.4164,0.340074,65.7271,1.49236
41.9284,0.879827,0.00520597,18.9624,3.12648,4.0288,0.918663,0.00499379,26.5454,4.90059,9.37759,4.54356,44.0206,16.5628,0.465453,33.1014,1.54505
39.8822,0.951423,0.00338038,17.5979,2.85004,4.49262,0.973266,0.00821022,23.6401,7.48038,9.73717,4.11285,58.7892,16.9429,0.639808,35.9415,1.54597
39.2142,0.894174,0.00871204,18.7916,3.11877,3.66489,0.899759,0.00390762,31.3347,7.50844,10.0007,2.76263,61.464,17.5614,0.316577,75.0116,1.59211
50.1015,0.910995,0.0203514,17.5778,3.80046,3.42129,0.945583,0.0182945,22.9901,4.63495,10.1971,3.88385,42.134,16.8468,0.125973,68.2615,1.35264
36.5743,0.953972,0.00751182,20.507,3.18525,4.54771,0.980936,0.000702905,26.1395,6.14809,11.3788,5.27572,52.3322,15.9578,0.420056,53.7021,1.64265
43.0223,0.84674,0.0113978,20.2512,3.61642,3.5552,0.987552,0.0103211,24.2012,4.17744,9.49544,3.23052,43.1558,15.6583,0.26566,41.0001,1.53616
42.6585,0.894143,0.00902564,19.1536,3.34898,3.32279,0.957579,0.00476191,28.2466,6.08656,9.56584,3.92564,53.4184,17.2541,0.255611,23.6356,1.45647
43.6163,0.931418,0.0121167,18.9102,3.27713,3.96692,0.930848,0.0105979,24.7013,4.84426,7.14672,3.16033,58.0758,13.9919,0.243629,54.4092,1.54734
44.1393,0.963169,0.0101502,17.893,3.28879,3.23281,0.914247,0.00539218,24.7305,4.61583,7.78061,2.92117,64.5439,15.6124,0.176321,43.9231,1.53683
40.1512,0.921753,0.011023,20.0793,3.46427,5.51246,0.970783,0.00241263,24.4637,6.66717,10.1641,4.24959,54.317,14.6418,0.465137,49.6451,1.52621
48.2076,0.96996,0.0112383,16.5969,3.25848,2.59563,0.974864,0.00494552,24.0502,5.75317,11.0624,4.26097,39.4456,15.981,0.666176,24.409,1.44658
40.7746,0.934668,0.0104014,19.0408,3.24272,4.11544,0.909325,0.00596838,26.5498,5.71509,11.5444,4.51398,52.8878,15.2885,0.527248,22.3964,1.61831
39.4167,0.910639,0.00895773,19.9567,3.16568,3.34594,0.942222,0.00477963,26.2468,5.37688,8.84444,3.96809,33.5854,14.236,0.466621,36.5239,1.4815
49.1024,0.897217,0.0139733,17.5224,3.68451,5.35703,0.979886,0.011432,21.3463,4.08783,9.7678,3.36265,54.5438,16.8506,0.155601,108.684,1.60408
41.8634,0.987642,0.00940366,18.272,3.26664,3.85957,0.881575,0.00454276,27.0635,6.00258,7.85264,3.87502,77.9719,16.6227,0.184134,46.9867,1.5375
43.1983,0.940785,0.0123672,18.8559,3.58417,5.28132,0.94033,0.00573771,22.3136,5.23567,8.22779,2.90115,59.6057,15.5651,0.25504,42.4307,1.51885
43.2463,0.915794,0.00907928,17.8695,3.12206,4.23814,0.954636,0.00874048,24.9328,4.76106,15.1153,4.15293,32.3881,16.5625,0.31115,49.5625,1.49699
45.5867,0.900072,0.0114713,17.3975,3.15931,4.2312,0.95965,0.0152624,24.2425,9.49311,8.06456,4.406,55.3587,16.4024,0.324807,42.2983,1.4319
35.5951,0.802279,0.0111217,21.006,3.29874,3.3372,0.76486,0.0127181,30.916,6.96134,12.5211,3.97017,40.8635,17.0728,0.244143,46.7605,1.39091
49.5307,0.82661,0.0123053,17.5828,3.38741,4.22275,0.97955,0.0240513,22.2599,4.52398,11.3022,3.64668,42.0952,15.9829,0.168708,36.4337,1.32298
43.621,0.911181,0.0118141,18.2617,3.19164,5.00374,0.945634,0.0122445,23.4373,5.92981,11.1141,3.64784,40.928,14.4766,0.261233,97.8516,1.43205
48.2008,0.966265,0.0101257,16.0838,3.15461,3.27252,0.985068,0.00412473,25.4431,5.15708,6.35719,3.1321,75.4286,16.731,0.428913,34.4972,1.43436
38.665,0.849974,0.00937438,20.0387,3.27891,4.27237,0.97082,0.0101944,23.6345,4.98573,9.35231,4.32882,47.4696,17.5643,0.296405,39.977,1.53318
44.3402,0.933408,0.00753286,17.9935,3.20277,2.92415,0.930744,0.00523553,26.726,8.05321,10.4839,3.39315,42.0807,17.2275,0.394582,76.7731,1.51625
39.9617,0.941547,0.00749037,17.9511,2.98415,4.33841,0.988778,0.00479753,26.2507,5.7273,6.47006,3.20792,68.4092,16.8589,0.254673,101.747,1.43351
37.8711,0.84298,0.0132287,20.8179,3.45661,3.04646,0.986706,0.00607856,25.3072,4.7945,10.995,3.03175,47.6437,16.017,0.234691,46.8558,1.57001
39.8389,0.97096,0.0144511,19.3427,3.66039,4.51612,0.943498,0.00963589,22.3096,5.6638,10.6124,3.6762,54.1229,16.8938,0.274481,34.0998,1.48505
45.0333,0.909856,0.0140295,18.5015,3.63402,3.63134,0.943699,0.00700064,25.5171,5.69421,10.1053,5.16312,54.1346,17.0497,0.551228,18.2715,1.51941
48.4077,0.981672,0.0117337,17.4478,3.48329,4.37992,0.931072,0.00407325,24.79,5.41193,8.12654,3.62112,71.8929,16.2085,0.553749,43.7518,1.49285
45.3426,0.90023,0.0102914,18.6117,3.31009,4.05524,0.904326,0.00388898,28.5403,7.00083,11.3241,3.68248,33.1516,15.1167,0.849143,26.1429,1.51552
37.88,0.931239,0.0103751,19.4424,3.2755,6.2746,0.977154,0.00929885,24.171,7.49332,10.5116,3.33131,57.4057,16.8021,0.251785,89.8233,1.62162
35.5464,0.946731,0.00930483,20.088,3.02056,4.31909,0.856584,0.00774082,31.1053,6.40318,9.65201,3.65005,48.8535,14.4347,0.431778,113.195,1.44104
49.4898,0.977447,0.0101842,15.978,3.26291,5.45199,0.994159,0.00281604,25.0003,4.80965,9.4504,3.27393,52.2037,17.9192,0.117707,186.15,1.52008
45.1469,0.942621,0.00879171,17.3134,3.27293,4.86119,0.862638,0.00354843,29.0417,6.45027,12.6795,4.70219,51.0727,17.5717,0.275539,76.6149,1.54897
40.8997,0.939804,0.0133038,18.9786,3.19183,4.93497,0.92315,0.0111171,21.4768,3.85874,8.41741,4.2182,54.3356,14.8814,0.273996,66.5163,1.38865
41.835,0.95279,0.00986736,17.5731,2.94787,5.19633,0.965556,0.0139886,20.8385,3.88603,10.7966,2.80793,53.6154,17.0864,0.645771,32.236,1.44102
39.4629,0.905086,0.0148435,20.8772,3.72185,3.51618,0.965007,0.00722208,27.4242,7.43967,11.2565,4.37766,44.2909,15.7044,0.19252,93.9082,1.54337
41.0921,0.845042,0.0116867,20.8641,3.68428,4.10328,0.912812,0.00501612,25.7444,5.27857,9.71218,2.962,59.2104,15.6278,0.338657,59.5358,1.55949
46.7268,0.971138,0.0106262,17.1904,3.42754,3.82448,0.916938,0.00837007,23.5268,5.47105,11.6109,3.59247,44.1635,16.8264,0.37497,39.0519,1.5414
45.0191,0.937701,0.00948395,18.764,3.38836,3.44912,0.868611,0.0077583,26.2903,5.04255,7.66391,3.49873,35.6309,14.6807,0.139214,55.9792,1.63135
45.2408,0.954677,0.00823361,18.0231,3.30051,4.91468,0.916635,0.00534733,25.1891,5.20267,10.5792,4.11609,49.1776,16.3465,0.610236,38.7199,1.51792
41.2232,0.88517,0.0154185,20.3997,3.79293,4.54401,0.868594,0.00668845,25.6646,6.82341,11.2821,3.65736,31.1624,14.9179,0.856284,27.7085,1.48312
43.691,0.913992,0.0117301,18.6007,3.30751,4.6307,0.981655,0.0126057,23.7765,6.1544,9.11617,4.97012,73.2656,15.6262,0.32249,38.8012,1.47761
43.6288,0.891799,0.00789309,18.8358,3.34056,4.63188,0.982735,0.00678142,24.1785,5.5597,10.9641,4.91114,44.797,15.0839,0.209187,40.5795,1.52883
48.3869,0.98618,0.00961425,17.0877,3.24283,4.73678,0.969911,0.00225083,24.1148,6.41748,12.4705,4.51188,45.7053,15.2282,0.307244,97.1048,1.46593
37.0883,0.811015,0.00795332,23.7749,3.7182,4.24777,0.955824,0.00293361,27.7058,5.5608,9.83096,3.3083,28.9572,14.5561,0.154546,99.3838,1.62317
38.6858,0.910678,0.0109245,20.0676,3.30124,4.26977,0.988762,0.00416032,24.9479,6.24452,8.75305,2.80838,51.9457,15.6865,0.258066,47.8587,1.52804
43.6164,0.884745,0.00740876,17.5881,3.15924,4.04059,0.981136,0.00729189,23.2825,5.20156,4.60051,2.79371,95.4501,17.2485,0.348095,56.3073,1.54503
40.792,0.901237,0.00955374,19.4829,3.21699,5.05032,0.956195,0.00934256,23.4766,6.91761,8.41293,2.63536,42.2445,16.0406,0.187331,80.8896,1.54676
39.3663,0.954531,0.00858488,19.0725,3.1246,4.23219,0.967612,0.0159981,22.8831,5.05949,8.89299,3.58544,59.7164,15.4768,0.570551,36.1429,1.45499
41.6661,0.956706,0.00437664,17.8292,3.0241,5.87797,0.941266,0.0116416,23.2558,6.33939,11.4635,3.28685,48.179,15.9392,0.350475,46.3009,1.6058
40.4733,0.854743,0.00887414,19.5836,3.46391,4.21325,0.958629,0.00202593,28.4089,7.62912,8.11605,3.78482,84.9337,17.1173,0.37045,74.0234,1.56928
34.8666,0.955924,0.00797946,18.4765,2.91959,4.49819,0.897626,0.0058888,25.8606,4.67329,8.26887,2.80759,57.0693,17.0216,0.782569,20.9172,1.4803
45.0419,0.944525,0.00751447,17.3615,3.10875,5.25116,0.960297,0.0127592,20.4439,4.95726,12.0256,3.62102,50.5438,16.9399,0.470491,46.9934,1.43564
43.0415,0.951563,0.0106842,18.654,3.37896,4.45288,0.944921,0.00551297,24.7341,5.34958,10.2259,4.64537,52.049,15.2916,0.573936,48.1071,1.53857
42.3747,0.889544,0.00740784,17.4601,3.08313,5.30074,0.961182,0.00529388,23.5278,7.79614,11.2602,4.37766,40.2643,17.413,0.319308,72.926,1.48745
42.3511,0.972268,0.0128208,17.0655,3.0762,5.88947,0.982014,0.00890559,22.1114,5.15665,11.9847,4.33932,48.5365,15.1946,0.760041,22.4309,1.36836
42.5971,0.834617,0.0105163,20.9412,3.70222,3.27376,0.896987,0.0017666,30.4463,3.69752,11.5494,4.26918,40.429,15.4101,0.227797,124.907,1.54298
42.4782,0.775113,0.0119563,22.229,3.80571,2.69304,0.86423,0.00948137,33.9959,7.22322,9.48481,5.61449,42.5693,15.2266,0.251229,64.4316,1.51061
45.8206,0.952978,0.0129645,18.2053,3.42,4.34014,0.919826,0.0123981,25.1026,5.24552,9.45651,3.28793,55.3707,14.2639,0.323027,36.4451,1.47327
47.5745,0.916079,0.0119179,17.9021,3.5879,4.73349,0.986491,0.00387851,24.9959,5.03552,9.93854,3.72109,49.6639,15.0054,0.341106,30.9043,1.54209
39.5991,0.837631,0.00740583,21.6849,3.63353,3.24287,0.980998,0.00500234,24.9188,5.84441,10.9018,4.85569,41.1277,15.4279,0.398118,39.2321,1.64592
39.3198,0.904323,0.0152971,20.0301,3.64897,4.88241,0.906937,0.00765955,24.2719,5.1053,11.5523,3.17944,45.2494,15.5663,0.497618,40.9984,1.47484
45.5248,0.988316,0.0134884,15.8326,3.12148,3.33614,0.960641,0.00796445,23.7741,7.6677,11.0216,4.26999,60.6103,18.3888,0.433669,22.1078,1.37877
46.4889,0.924719,0.0166607,18.3587,3.94699,4.62498,0.854563,0.00745836,25.6009,5.30438,11.4333,7.27998,49.3412,17.0317,0.475425,54.4849,1.57984
41.1605,0.95735,0.0147544,19.4224,3.61842,5.74579,0.907007,0.0122027,22.7321,7.07456,10.6867,3.27168,44.8838,16.2711,0.341025,32.0155,1.58251
41.8873,0.974343,0.00938942,17.3361,3.03165,4.7667,0.970156,0.0196701,22.4663,5.09528,11.6284,4.29494,44.5918,15.7834,0.429948,62.0926,1.46329
36.7826,0.988428,0.00770637,19.7114,3.10639,3.36488,0.812856,0.00201443,27.9998,5.36806,13.392,5.99748,37.3953,15.3303,0.436315,18.6147,1.54473
41.64,0.893834,0.0131864,20.4295,3.90445,4.69876,0.986778,0.00401548,24.6996,4.32622,9.278,3.72333,62.2003,15.5115,0.368147,73.8181,1.56435
43.9141,0.887346,0.0149138,19.8508,4.194,4.25777,0.946535,0.0105553,24.24,5.72071,8.94368,6.31895,72.3791,17.1658,0.366999,64.6607,1.52872
43.4723,0.877335,0.011689,19.0471,3.60969,4.28933,0.97621,0.006038,26.0697,7.49741,9.69435,4.68866,79.7475,17.8484,0.1809,73.6114,1.52711
43.2912,0.952054,0.0135473,19.2046,3.55306,4.88758,0.935696,0.00720478,26.6931,5.3814,8.01585,3.39472,67.7265,15.2551,0.155916,140.376,1.54435
44.1345,0.921594,0.0123483,19.5708,3.6506,3.76998,0.945191,0.00885413,23.3357,4.80437,10.9886,3.4884,37.8431,14.6556,0.20978,67.6964,1.57192
40.0274,0.96988,0.0125409,19.8562,3.43233,4.75478,0.981693,0.00832992,22.7976,6.04371,13.2538,4.41506,50.9958,14.8102,0.458143,46.3819,1.58895
41.9056,0.986825,0.00895961,18.7105,3.22353,4.96767,0.983126,0.00908375,23.1866,6.13288,10.7778,3.38836,32.5013,13.5872,0.298154,109.139,1.54564
38.8266,0.969154,0.00823011,19.6318,3.09638,3.38492,0.951831,0.00376796,23.969,3.48385,8.95239,4.17959,71.7666,13.6513,0.549766,24.7499,1.56129
40.1209,0.953895,0.00890533,18.8798,3.17163,3.52447,0.836589,0.00410039,26.5151,4.4595,9.48451,3.47018,71.3212,15.3566,0.669882,29.1669,1.57076
43.7999,0.93097,0.00715685,18.1569,3.214,4.49371,0.930456,0.00411934,27.9123,5.64357,12.3484,4.59127,51.5519,16.3013,0.261442,89.5101,1.51308
44.2646,0.95223,0.00716722,17.3781,3.13104,3.74716,0.955272,0.00445302,24.5134,5.08474,10.1782,3.89153,54.9933,16.2576,0.143698,39.6052,1.51414
44.4007,0.968394,0.0122303,18.1884,3.54045,4.70475,0.981927,0.00694713,22.4828,4.79638,7.99438,3.63279,63.82,16.2178,0.225989,60.2984,1.58819
47.9839,0.938446,0.0150212,18.6825,3.93038,4.36289,0.964916,0.00631838,21.5592,4.4992,11.5653,3.76567,48.3762,15.7853,0.47988,30.0452,1.60944
37.1026,0.908426,0.0129999,20.4518,3.42237,4.30665,0.908319,0.0092298,24.1492,5.85231,10.9688,3.52613,47.699,16.0347,0.279925,39.4693,1.51552
40.5764,0.984949,0.0051589,17.7139,2.92757,3.56095,0.939888,0.00128936,24.3753,4.23948,12.7391,5.32447,74.2007,17.129,0.158175,61.7223,1.64431
35.7584,0.946229,0.00831021,21.8409,3.39668,3.34594,0.931497,0.00778036,25.6321,7.06991,14.5308,6.13927,37.0345,13.9561,0.0684018,25.1823,1.6365
39.4107,0.978454,0.00860804,20.3293,3.3115,3.90267,0.977581,0.0108333,21.1253,4.69356,11.9274,3.11928,44.7346,14.4948,0.266263,55.0319,1.65906
42.9976,0.870305,0.0144969,20.1563,4.02488,4.35881,0.982764,0.00751578,25.0319,7.65926,7.39832,4.48686,57.5681,16.4057,0.196677,50.1155,1.53306
45.657,0.870032,0.01203,20.0883,3.90111,4.24593,0.954758,0.0107482,24.9926,7.32303,10.3049,3.59455,53.3509,15.3109,0.316682,52.2767,1.56949
36.8494,0.880533,0.00651242,19.6935,2.95037,2.423,0.961336,0.00978965,26.1791,5.87062,11.8112,3.38148,50.1158,16.082,0.354728,46.1582,1.46771
52.6627,0.975878,0.0140748,16.1219,3.48039,4.60993,0.983321,0.00829511,24.2177,7.55389,10.5224,4.01203,46.5627,15.1746,0.760717,30.5692,1.46379
39.1914,0.962198,0.0105657,18.9438,3.35472,4.90304,0.993664,0.00623307,20.9041,4.58122,9.71135,3.13065,62.2463,16.8622,0.533702,41.9137,1.54805
41.8418,0.921871,0.0150598,18.6867,3.72611,4.00715,0.978384,0.00743869,22.2361,5.5126,9.30124,4.74658,54.6941,17.003,0.396082,33.3803,1.50324
36.3781,0.914423,0.0117804,20.9633,3.54257,3.23496,0.971265,0.00915559,27.536,4.84757,11.0028,3.23972,29.4788,15.778,0.228744,51.5796,1.52395
42.3841,0.852068,0.00731028,18.9718,3.13806,3.53416,0.987842,0.00845015,26.7289,7.73914,7.95145,3.27147,30.9078,15.8137,0.14735,71.5386,1.53245
38.4427,0.796311,0.00673878,20.286,3.18236,5.61923,0.935436,0.00561995,26.9799,7.22435,10.5248,3.12577,38.6204,16.8867,0.3406,42.7674,1.57761
39.6446,0.849868,0.00900696,19.9563,3.36571,2.98995,0.943041,0.00390126,29.1159,5.31573,13.6386,4.04526,42.8905,17.0507,0.205873,49.6296,1.62366
38.6024,0.884756,0.00871357,21.6402,3.41927,5.18714,0.990221,0.00312772,24.2683,5.36901,9.57491,3.59276,49.963,14.2589,0.148945,67.1266,1.70883
41.1596,0.930677,0.0135199,19.3057,3.53664,6.30736,0.968349,0.00579897,23.1378,7.85102,8.07115,3.78896,62.0507,15.6586,0.522404,41.8863,1.51492
39.4813,0.951808,0.0127141,17.8306,3.14526,4.21386,0.980441,0.00575097,24.5364,5.56137,12.3858,3.66735,39.5395,17.3704,0.436662,60.4591,1.44524
42.5616,0.991379,0.00565133,16.9548,2.97619,4.16283,0.953446,0.00887269,25.4957,6.61998,9.12295,3.58699,65.0844,17.0291,0.323904,34.295,1.57368
40.0327,0.924295,0.0100118,19.6444,3.27927,4.63087,0.979678,0.0115535,24.0796,5.84498,9.8865,3.92435,62.3606,15.4351,0.584204,51.6063,1.49964
42.1924,0.96363,0.00926022,18.0705,3.18262,3.90021,0.948079,0.00610361,23.8715,6.67297,11.9634,4.42319,37.3384,15.1504,0.248943,40.0846,1.57545
42.1076,0.976384,0.00727883,17.6997,2.9719,4.53939,0.921899,0.0053229,24.6973,4.3222,10.9058,5.05416,50.6465,15.2622,0.189961,49.2174,1.44282
48.2093,0.899569,0.0103769,18.5556,3.51739,4.83801,0.960887,0.00843106,24.8304,5.70864,9.99521,4.41963,47.8391,14.7244,0.409945,58.1708,1.55256
36.775,0.848132,0.0105598,20.7875,3.50265,3.98705,0.911793,0.00759649,28.3562,6.36809,10.2635,6.24322,55.3247,16.7042,0.173785,62.9142,1.52756
46.954,0.867937,0.0144484,18.7451,3.94677,3.67371,0.844365,0.00771918,28.7123,5.36595,18.3986,4.7736,33.7465,16.8282,0.29634,75.4738,1.56637
35.9838,0.947571,0.00989456,19.7518,3.19831,4.94689,0.929877,0.0040664,23.5227,3.83699,13.5854,3.26691,41.0974,16.2362,0.253313,121.532,1.58373
36.0731,0.989795,0.0105537,19.5527,3.36333,4.1723,0.969767,0.00296181,25.2426,3.77393,11.4666,2.33497,43.1808,15.8259,0.341185,97.9087,1.70736
41.1397,0.925773,0.0149433,20.4104,3.75375,3.73235,0.956038,0.00623931,22.925,4.25076,8.95533,3.47638,56.4701,14.9916,0.425171,40.3165,1.57322
35.5619,0.858753,0.0108827,22.2555,3.65374,4.65569,0.864251,0.00523838,28.9091,7.47144,8.35295,3.2036,75.6783,15.8039,0.244759,32.7477,1.6259
44.5652,0.962171,0.0125823,18.7926,3.50882,3.66449,0.994475,0.00727307,23.0356,5.40054,11.0444,5.96646,43.5282,14.7191,0.624738,30.6282,1.50354
44.9116,0.889462,0.0100113,19.4704,3.56549,5.45369,0.949472,0.00730994,21.0507,4.9961,10.1446,3.75649,38.2346,15.8046,0.31118,64.1028,1.50882
51.968,0.959144,0.0111531,16.934,3.62108,4.83097,0.963094,0.00922845,21.2257,4.31001,10.633,4.06088,62.0273,16.4125,0.212775,74.8959,1.58744
39.8125,0.898507,0.0100748,19.8799,3.35771,4.58334,0.95838,0.007256,24.4077,5.27035,9.41029,2.91579,51.0091,15.6374,0.281224,38.4333,1.52284
39.0031,0.969146,0.00780701,19.5251,3.27194,4.21441,0.930778,0.00552598,27.0093,6.67859,11.1001,4.76257,42.3778,14.848,0.250126,31.3546,1.51687
40.962,0.935401,0.00909009,19.0207,3.2595,7.01261,0.949466,0.00904287,22.5911,8.2643,7.25529,4.45185,56.2828,17.3838,0.317883,93.213,1.54065
48.6678,0.915749,0.00962336,16.964,3.2126,4.36359,0.969216,0.0123906,24.5111,4.72267,13.489,4.23583,39.4754,16.8635,0.312328,41.1423,1.45126
48.9943,0.871797,0.0107641,17.5516,3.55501,5.08391,0.963501,0.00547897,23.5964,4.36469,7.4877,3.47889,47.6305,16.8516,0.215901,80.048,1.48289
40.0114,0.938064,0.0129188,19.1666,3.46977,3.66428,0.994557,0.00692517,23.3853,5.70952,12.0539,3.38895,45.8587,15.6143,0.46456,25.9856,1.54366
45.5193,0.886129,0.0132288,18.9565,4.03994,4.01841,0.947943,0.00253681,29.6036,6.0862,9.42827,5.85278,55.5967,17.0956,0.306536,33.2155,1.66821
40.5412,0.886532,0.0129958,20.2971,3.48086,4.35196,0.954985,0.00841666,21.7636,4.09695,8.6506,4.01885,55.606,15.6848,0.231724,75.8169,1.46236
43.5547,0.990728,0.0112824,17.1587,3.20738,4.31902,0.957006,0.00892476,23.5167,6.34495,8.05763,4.20323,60.4667,17.4061,0.60604,38.0066,1.44289
40.3491,0.841342,0.00864648,20.3577,3.5085,4.19125,0.934152,0.0153984,24.1964,4.56054,9.49133,4.50132,50.324,18.0028,0.216979,51.9386,1.51494
42.2327,0.929389,0.00424586,17.9324,2.82335,4.99815,0.956334,0.0111621,23.3776,8.0972,6.42006,2.94928,67.2015,15.1175,0.218572,71.6218,1.50131
40.4137,0.979725,0.00893457,18.0138,3.23315,4.81024,0.923,0.00571709,22.726,7.63693,10.3324,3.33837,50.5268,17.0435,0.400558,35.9311,1.62739
43.8751,0.966262,0.00961101,17.582,3.27389,4.91612,0.997945,0.0121183,20.5998,5.93214,15.4627,3.98192,41.1227,15.7212,0.146822,61.5155,1.56765
47.5806,0.947216,0.0119563,17.7662,3.4883,4.52666,0.985751,0.00707125,23.4569,7.10642,10.966,3.17285,45.656,15.268,0.411218,45.8667,1.49424
37.4798,0.861631,0.0047348,20.5522,3.09896,4.98461,0.893394,0.00840816,24.8996,6.98622,9.31709,3.05591,45.8194,16.0618,0.613665,20.4395,1.58316
41.4202,0.896666,0.00620651,19.2217,3.21755,6.01679,0.976579,0.00401414,24.5701,8.51007,9.30714,2.93427,45.6145,16.6543,0.334187,68.2882,1.59701
37.4924,0.955992,0.0096526,19.3158,3.21181,4.38607,0.915557,0.00612512,25.339,4.46373,8.53133,3.54291,65.7489,17.2644,0.229446,66.4063,1.49277
39.7081,0.936405,0.00777952,19.8894,3.17933,5.4022,0.876236,0.00609387,24.71,8.38832,10.6645,2.91168,32.2892,15.118,0.767505,35.4911,1.58632
41.0043,0.940414,0.00982129,17.9945,3.18776,3.11219,0.937934,0.00741353,25.4032,5.10734,11.109,4.38298,54.2579,17.0637,0.247016,80.5393,1.49165
45.3719,0.91287,0.0120392,17.5262,3.43708,4.06917,0.986431,0.00608372,25.1687,7.24869,9.01728,4.18587,70.0453,18.0723,0.423522,26.996,1.55436
46.352,0.911451,0.0106021,17.685,3.33771,4.97674,0.958304,0.0100785,22.3122,4.25615,9.66543,3.68543,66.4831,16.7295,0.420606,47.2434,1.57583
45.2779,0.933102,0.0116161,16.8621,3.22568,4.52698,0.95926,0.00840405,23.7915,4.49494,11.8674,5.18715,51.3701,16.4418,0.319597,37.3878,1.43866
41.7695,0.906862,0.00996173,18.5608,3.34128,4.53473,0.954581,0.00414197,23.589,4.10868,15.6267,5.87617,47.057,16.6094,0.171184,70.4633,1.5686
39.8497,0.909704,0.0110287,20.5866,3.43261,4.31347,0.964697,0.00540864,23.8787,5.59437,8.43291,4.00475,56.5588,14.6855,0.20172,50.7386,1.60586
41.7037,0.97733,0.00872401,17.4403,2.98251,6.04958,0.908719,0.00704471,23.4518,5.87851,9.41912,3.45193,51.8912,15.8337,0.279334,73.6122,1.41641
48.5279,0.92879,0.0139321,17.2531,3.7655,3.62489,0.965356,0.00880671,23.447,5.51523,9.38272,4.7976,61.9529,17.7066,0.329263,78.9382,1.58922
38.2186,0.909702,0.00986284,20.264,3.37231,4.0698,0.915386,0.00735029,27.0999,5.39634,12.778,3.7508,38.856,16.1692,0.391053,53.1673,1.57425
37.8786,0.912545,0.0139616,20.8776,3.57886,3.74349,0.940841,0.00709882,28.0605,7.1958,12.7598,4.43668,56.369,16.4751,0.329331,60.2875,1.51628
44.9113,0.995164,0.0111833,17.8007,3.29625,4.78066,0.913485,0.00684477,24.0233,5.24348,13.0256,3.76212,38.8128,15.1863,0.536229,54.2507,1.49534
39.997,0.884974,0.0135054,20.2174,3.40891,3.37864,0.93667,0.00854773,26.5785,5.61431,5.86467,2.5928,48.8115,14.682,0.288468,35.948,1.57741
38.7311,0.839004,0.0118639,21.2131,3.46868,3.73133,0.925317,0.00742018,26.4352,7.03459,10.2286,4.55401,47.424,15.3147,0.280169,53.8729,1.50248
43.5639,0.944601,0.0102861,17.8864,3.19847,3.2709,0.983294,0.00885265,23.9541,4.32599,10.0611,3.97035,45.0903,16.1346,0.273,87.6206,1.46149
43.25,0.949334,0.00684184,18.0535,3.03305,4.54431,0.913482,0.00600067,24.3602,7.70104,9.26079,3.53106,47.0016,14.5237,0.480805,60.5403,1.49574
41.8859,0.92323,0.0106516,19.3441,3.56809,4.54755,0.965133,0.00382691,26.3622,6.59648,8.62815,3.07248,71.0869,16.8428,0.293578,45.4638,1.59166
37.0333,0.920523,0.00942859,20.929,3.12586,3.78128,0.916325,0.00560287,27.0834,6.20097,10.6153,2.54947,34.8935,13.5125,0.311631,34.3987,1.56542
41.9255,0.895732,0.00961364,19.9266,3.34262,5.21554,0.878828,0.00439268,27.4374,8.54217,10.0219,3.72219,47.1694,14.9571,0.426943,67.5987,1.58395
42.8287,0.857814,0.0100925,19.769,3.58042,4.25873,0.989954,0.00914131,23.4322,4.85266,8.41073,3.51897,50.2926,17.0722,0.208987,48.5513,1.60673
42.2538,0.985979,0.0097877,17.9051,3.25666,5.66625,0.982259,0.00756525,22.3163,6.19789,9.11472,4.079,55.6768,16.2637,0.329311,74.0697,1.53691
43.67,0.895335,0.0168984,19.7088,4.0411,3.95747,0.872564,0.00820375,26.3506,4.31606,15.8547,4.21261,37.0677,16.0996,0.203807,99.1276,1.49254
46.4326,0.959973,0.012216,17.3221,3.41763,5.99606,0.923035,0.0111635,22.7774,7.24994,8.43289,5.10953,75.9132,16.5698,0.193306,82.1569,1.53342
45.6204,0.958909,0.00737254,16.3081,2.97547,4.39817,0.92493,0.0157197,23.294,6.32956,9.2678,3.91764,68.4945,17.6864,0.243449,76.0029,1.47528
44.7385,0.918212,0.00687343,18.7353,3.2659,4.28973,0.95464,0.00560762,25.2619,5.5071,8.93211,4.75816,62.7109,15.4899,0.0963162,44.2552,1.56167
42.47,0.958222,0.0093986,17.7761,3.35651,3.69775,0.905886,0.00477574,23.3451,4.20684,9.91554,3.87545,51.0209,16.888,0.435061,40.6656,1.62048
45.7816,0.947069,0.0125334,18.2582,3.39291,6.4886,0.97413,0.00633674,20.9565,7.13584,9.48264,3.55825,50.0477,15.0197,0.265818,80.9342,1.44734
40.5934,0.963284,0.0122259,17.6089,3.29106,6.31534,0.909821,0.00356522,26.2261,6.26718,13.5546,5.78251,44.5539,17.2526,0.248463,110.132,1.49787
37.0452,0.92564,0.0115631,19.2053,3.36858,5.40613,0.995033,0.0069703,24.0972,5.67997,6.79555,3.46842,66.8466,17.8501,0.343523,37.7762,1.53562
37.6275,0.864046,0.00781507,20.9616,3.26268,4.9642,0.966102,0.00306209,24.0166,5.57939,12.4324,4.15507,47.2612,15.5403,0.583306,30.0998,1.57382
42.3035,0.912605,0.0102282,18.8854,3.25296,3.65629,0.966581,0.0137572,22.0832,4.48219,9.14421,3.98323,61.7313,15.3299,0.354114,75.7734,1.47929
42.597,0.918642,0.0110108,18.845,3.5133,4.36821,0.963632,0.00704323,24.9354,5.79193,8.09242,3.52164,66.8015,16.5453,0.23939,86.0888,1.5271
46.2803,0.964013,0.00888962,16.8578,3.05415,4.97759,0.959586,0.00551839,24.3122,7.46284,9.07118,3.47888,69.951,15.5404,0.169381,83.5347,1.48336
41.9379,0.889489,0.0147281,19.0106,3.40288,4.85874,0.913482,0.0129484,23.4465,6.41186,9.95339,5.54602,50.749,15.205,0.0976383,128.839,1.43579
46.0011,0.934898,0.0150891,17.2998,3.5051,3.0683,0.992914,0.00912443,23.7421,6.07418,12.6335,4.43424,48.1861,17.4627,0.40684,47.8682,1.3554
45.1497,0.939871,0.013057,17.5422,3.45717,3.42363,0.955375,0.00485259,26.892,5.26823,8.6304,3.78072,54.2412,16.8332,0.437048,46.1601,1.51926
37.906,0.912344,0.00759994,19.5091,3.18487,3.40803,0.96553,0.00420435,26.4943,6.55543,6.7569,3.96284,64.2252,15.8563,0.208457,29.0101,1.57204
41.5877,0.958131,0.00891307,20.122,3.2358,5.92058,0.955757,0.00447296,25.2482,10.3041,11.9903,3.64045,32.2092,13.5873,0.63355,37.3775,1.73113
44.8744,0.920209,0.0183329,20.01,3.86591,4.24186,0.973638,0.00805889,22.4743,4.59287,10.9375,3.17126,38.4253,13.1385,0.42294,30.8913,1.51042
37.5169,0.902963,0.0115683,19.6273,3.40944,5.73696,0.969742,0.00526581,26.0816,7.41671,10.7294,3.71136,57.4324,16.3086,0.510731,36.7021,1.58627
44.6286,0.919182,0.0150817,18.8949,3.68395,5.23295,0.989619,0.00732251,22.4814,5.64468,13.0392,3.98612,35.3467,15.3003,0.179393,81.6683,1.61143
40.573,0.967415,0.0127764,19.0119,3.54296,5.02833,0.953676,0.00476519,22.3041,4.17796,9.30679,4.95943,62.1506,16.4711,0.337111,46.1838,1.59707
41.0903,0.993633,0.0122054,19.1953,3.66798,3.34979,0.895277,0.00370887,26.9431,5.60139,10.9414,3.86504,67.6958,15.4684,0.180201,77.7217,1.70766
47.0783,0.943085,0.0169709,18.5705,3.98847,3.48035,0.892569,0.00716861,27.1106,6.94336,10.7359,5.83332,47.7342,15.7856,0.338111,66.846,1.52247
45.4748,0.98624,0.010807,17.6963,3.3163,5.85075,0.874686,0.00468289,25.6346,6.60149,13.943,4.37085,35.6208,14.8038,0.262338,62.5498,1.50263
44.0387,0.977259,0.0113406,17.5149,3.18167,5.16153,0.967046,0.00646666,25.2203,9.6305,9.55299,3.02838,50.0279,15.2873,0.231273,74.9178,1.44161
49.5781,0.95164,0.00983343,17.472,3.37908,4.64713,0.968998,0.00903865,24.2124,5.36473,6.64311,2.71735,68.7087,14.8414,0.117272,75.7363,1.55096
45.0429,0.954061,0.0108891,18.121,3.62627,2.77983,0.935892,0.00320981,28.9017,6.19701,9.65077,3.62569,57.8549,15.3508,0.131466,39.5028,1.62068
49.9631,0.968237,0.0161235,18.1885,3.96648,4.57274,0.973818,0.00517007,22.7777,5.86349,9.13865,3.71189,52.6787,14.8735,0.192985,62.1433,1.57691
36.3214,0.968361,0.00912493,19.9559,3.16001,4.45641,0.946184,0.00357695,21.5987,6.56218,9.30342,4.38573,59.0266,15.6131,0.354549,32.7936,1.57959
37.3805,0.985897,0.00883017,20.4188,3.43473,4.3637,0.95744,0.00248562,25.0995,5.20475,8.32892,2.92064,67.1969,14.1606,0.438277,44.8999,1.66419
36.0961,0.965902,0.0116408,20.3377,3.43022,4.84489,0.994797,0.00436407,22.0372,3.91744,12.0927,3.56986,50.7411,14.7426,0.561964,36.3087,1.57025
38.7971,0.903014,0.00798778,20.5167,3.44946,4.47234,0.93529,0.00397222,24.0478,3.83619,9.92151,3.50813,64.5907,16.318,0.183524,68.3122,1.63732
36.0068,0.9439,0.0105714,19.4072,3.1595,4.4094,0.938345,0.00759826,24.7655,6.07232,8.89562,5.08659,62.8302,16.3218,0.463823,39.438,1.51853
40.8179,0.978455,0.0063223,19.036,3.20512,5.8991,0.967435,0.0059622,22.7508,5.09678,9.40923,5.14706,77.9492,15.9223,0.561418,35.7716,1.6174
37.7022,0.983383,0.00688484,18.7998,3.00975,4.44826,0.977371,0.00609104,23.4245,5.3149,7.26884,3.19411,74.6343,15.5557,0.367435,30.4368,1.56222
43.7628,0.936368,0.00934471,18.523,3.18399,3.72668,0.911905,0.00405296,28.9471,5.86307,10.0662,3.42198,45.7514,14.9955,0.308981,35.8925,1.61092
40.7454,0.943221,0.00964522,20.1833,3.62204,5.18218,0.958046,0.00706836,24.577,8.54342,11.0874,4.50943,40.8131,15.3268,0.286933,41.0785,1.65224
42.7548,0.813751,0.016423,21.2501,4.17412,3.74857,0.98746,0.00749576,25.8533,5.61443,7.79007,3.73169,57.9228,16.1183,0.406568,40.9336,1.50324
36.8209,0.875322,0.0125428,20.6486,3.31001,4.36759,0.971703,0.00825694,24.4677,5.28628,9.5274,2.74231,45.1986,16.3917,0.185785,79.6896,1.493
45.4497,0.964691,0.00913826,16.8916,2.99769,3.93429,0.87217,0.0127323,25.7704,7.42793,9.57265,3.00547,46.4753,14.7981,0.0770299,69.1396,1.44016
45.7891,0.912951,0.0117013,17.8389,3.42003,3.5765,0.930715,0.00567773,24.9096,4.88168,18.6197,5.3697,37.0098,16.9178,0.177435,83.6602,1.52609
45.5623,0.919016,0.00888707,16.4568,3.30458,5.99646,0.917499,0.00849627,25.7355,5.95406,7.60915,2.29949,52.34,19.3763,0.332447,124.907,1.54962
40.1085,0.965352,0.010471,17.398,3.05166,5.1717,0.89658,0.00574692,24.4013,6.44988,7.51488,3.59393,82.2928,17.6115,0.163872,52.7173,1.42704
45.0718,0.901065,0.0155736,19.8468,3.87134,4.97758,0.976844,0.00927095,21.8895,4.75141,8.92381,4.65222,50.0199,14.4656,0.253563,36.5588,1.49421
41.0188,0.888378,0.0120264,19.7854,3.43101,3.91095,0.925629,0.00809496,26.2131,4.91044,12.3504,5.0737,45.6617,16.0567,0.353608,50.0986,1.52233
44.0257,0.930735,0.0106389,17.8146,3.42303,4.71052,0.945183,0.00643737,22.263,5.0577,8.70758,3.20446,59.258,16.8529,0.137886,74.5038,1.53971
44.8583,0.928387,0.0104975,17.7306,3.58591,4.84607,0.97965,0.00949541,21.5985,5.04333,7.18782,4.49596,70.6043,18.8317,0.473424,26.7827,1.62059
44.4248,0.949745,0.0121679,18.0082,3.44553,4.9378,0.975422,0.00583127,25.3722,6.49496,9.21489,3.59625,89.5408,17.4637,0.644878,27.277,1.55651
41.7905,0.890566,0.0141011,19.6183,3.67244,5.23972,0.965836,0.00776461,24.799,6.00834,11.0632,2.96743,40.4792,15.2768,0.239539,73.6629,1.5665
44.5413,0.935911,0.00913995,18.6736,3.37837,4.48462,0.946006,0.00341846,25.7123,7.03612,8.6902,3.36574,45.3907,14.9011,0.497072,40.1705,1.55115
44.0637,0.954799,0.00991015,18.1715,3.24509,4.87088,0.972681,0.0033243,24.8653,6.12603,10.0242,3.56773,69.0417,15.6253,0.289085,45.5193,1.52671
47.9059,0.951837,0.0117755,17.2149,3.4175,4.29301,0.934975,0.0040489,28.6281,5.09353,14.7411,4.65302,39.0721,16.3414,0.208618,118.844,1.44921
40.6283,0.885462,0.00819116,19.3628,3.38012,3.81949,0.954569,0.0019892,29.0938,5.57456,7.30156,2.44049,66.3365,16.9071,0.185268,136.88,1.49387
45.5757,0.964253,0.0130174,17.7777,3.38615,5.41334,0.994541,0.00999125,23.4119,6.81822,10.3508,4.08219,51.9514,15.9741,0.312417,60.3531,1.51489
40.388,0.844232,0.00842372,21.4328,3.34618,3.7477,0.922637,0.00825612,27.2011,6.37819,16.9502,6.24806,38.0246,14.3233,0.275174,66.0013,1.56725
41.538,0.988009,0.00779466,18.4505,3.25842,4.73404,0.9703,0.0057106,25.4036,7.36003,8.14735,3.04166,57.7212,14.96,0.441373,37.6887,1.5994
37.5934,0.919718,0.00651292,19.3796,3.06092,5.30247,0.918682,0.00883495,23.8113,4.51475,8.66887,5.25381,79.9128,17.5655,0.212617,56.0712,1.50397
45.0148,0.972901,0.00942279,15.9719,3.00844,5.09931,0.933233,0.0161812,24.2856,5.2317,8.89222,3.84025,57.5586,16.386,0.13138,86.364,1.40948
45.7064,0.961336,0.0120067,16.7528,3.13188,3.26307,0.853387,0.00722512,25.0765,4.1399,12.4866,3.7495,37.7617,16.5967,0.599088,31.7333,1.41832
49.5735,0.93466,0.009876,17.2937,3.46605,4.22375,0.980161,0.00283881,22.9985,5.23161,7.57211,2.61939,55.0791,16.5383,0.401177,25.3301,1.59793
48.4385,0.858697,0.00991354,17.9121,3.50071,3.23866,0.997518,0.00989225,24.1736,4.85336,12.6641,6.39309,59.0289,16.6383,0.172901,97.6041,1.60503
47.7828,0.906115,0.0116039,17.1292,3.40312,5.41533,0.903059,0.00731214,26.3536,6.14808,13.5071,4.42689,37.7742,17.6912,0.277847,109.356,1.45869
48.68,0.889318,0.0134363,17.6001,3.80986,5.12141,0.967306,0.00446395,26.0427,5.28226,8.65953,3.79089,69.7825,18.3014,0.213564,137.032,1.46633
43.3914,0.980867,0.0109229,17.6578,3.16564,4.48265,0.829917,0.0070834,25.8394,5.6883,11.8705,4.16208,50.3521,16.1838,0.284118,89.7219,1.51632
47.8735,0.928226,0.0158426,17.8799,3.80738,2.9741,0.927235,0.0133402,24.5357,5.32976,8.0447,2.6325,40.5184,15.6894,0.340076,51.9574,1.4228
49.6616,0.956806,0.013841,17.9512,3.88466,4.61795,0.977117,0.00668882,23.9031,6.53406,12.3744,3.97918,49.4427,15.9507,0.357806,46.8724,1.53277
43.2986,0.954184,0.0116645,18.2251,3.23958,3.62087,0.971243,0.00473587,24.7598,6.0649,9.40982,5.57653,55.287,15.3149,0.193663,52.8197,1.55829
40.0493,0.927943,0.0161644,19.4929,3.5532,5.58071,0.960516,0.0202745,21.1757,6.25872,10.9735,3.63005,57.3296,15.6225,0.207045,75.514,1.40067
41.7665,0.842645,0.0125473,21.9694,3.91755,3.09832,0.976489,0.00957383,25.839,6.87008,10.5083,3.20766,38.4471,14.8939,0.550876,40.4228,1.55964
44.3117,0.860906,0.0115666,20.3507,3.68081,4.6962,0.91982,0.00260231,23.3858,4.15554,9.91033,3.56202,48.9095,14.4324,0.456598,27.1269,1.59833
36.9637,0.921893,0.00993338,20.4661,3.32609,3.8121,0.961543,0.00424177,26.2528,5.57484,9.66071,3.22042,60.0607,16.8832,0.279229,42.6505,1.54741
38.16,0.895512,0.00982488,19.5957,3.1979,5.1413,0.972913,0.00415526,22.8968,5.81669,6.24785,3.08765,76.3696,15.9738,0.25699,56.7838,1.46591
45.2772,0.893621,0.0123672,18.2099,3.41491,4.30737,0.934654,0.00723058,27.1715,5.92586,9.68498,3.91335,58.3254,16.1816,0.128264,62.957,1.48564
45.0634,0.830483,0.0119217,19.3829,3.81538,3.74802,0.965695,0.00217513,24.8985,4.95768,10.962,4.38534,38.225,17.7921,0.432913,38.3047,1.59698
47.0928,0.969189,0.0158055,16.8851,3.47128,4.47416,0.922688,0.00417434,25.1968,6.39467,9.6912,3.51805,64.6514,17.11,0.352961,51.947,1.42269
39.1402,0.979984,0.0124883,18.9333,3.35431,3.83276,0.944729,0.00843331,24.4057,5.53907,8.67293,5.02096,69.0579,15.6182,0.256412,49.229,1.52926
43.0317,0.920369,0.00686175,17.667,3.07556,4.02726,0.921587,0.00481785,26.8489,7.12595,9.18284,3.49828,64.6514,17.4564,0.482372,43.1226,1.55917
35.9451,0.972224,0.0113798,19.7128,3.08875,4.73318,0.940096,0.00608217,25.773,7.50423,10.5859,5.42658,66.7816,14.5554,0.152342,76.3612,1.48044
45.982,0.966101,0.00778845,16.6482,3.13952,3.46539,0.834709,0.00826096,27.1194,3.7767,9.05484,4.16874,71.7235,17.0767,0.287114,28.5035,1.50471
41.3591,0.975405,0.0100814,18.3499,3.28514,5.73319,0.992464,0.00760832,22.4381,6.87093,16.8595,4.56718,34.6028,16.0265,0.532796,27.9383,1.56667
40.5836,0.896149,0.0112143,19.4655,3.57795,3.17779,0.917525,0.00625552,27.0261,4.79819,6.88556,3.09795,64.2862,16.6311,0.383619,19.4162,1.55865
39.1868,0.89415,0.0102421,18.7258,3.15931,4.65038,0.962403,0.00962973,25.2465,5.37476,14.2723,3.9677,46.2016,17.4572,0.293114,96.1649,1.44082
39.7747,0.913053,0.00883117,19.3935,3.41232,3.74742,0.951467,0.002188,26.5747,5.42903,13.4119,4.13669,50.3153,17.0786,0.172253,91.5424,1.5919
38.6191,0.844672,0.014382,21.4335,3.74324,3.58028,0.978753,0.00463095,25.4296,7.86977,7.75527,3.12518,77.0756,16.1943,0.179951,44.9257,1.45702
38.9762,0.941425,0.0111255,18.5984,3.28464,3.98489,0.967617,0.0066831,24.4538,6.06145,8.31227,3.13382,57.3979,16.924,0.279516,55.6307,1.42602
45.8297,0.981057,0.0142129,17.0366,3.50071,3.75486,0.860979,0.00646935,25.4827,5.91547,12.0161,4.19769,65.4666,17.1716,0.235677,31.4339,1.49041
44.376,0.898477,0.0102547,18.3245,3.63255,4.60617,0.981411,0.00306099,24.0067,5.61478,11.374,4.52995,51.828,19.7032,0.392216,49.6036,1.50947
44.0168,0.904087,0.0155151,18.3407,3.57667,3.68946,0.908968,0.00582613,28.5601,7.53342,11.5242,6.05774,48.1184,17.1501,0.260114,92.5911,1.35227
43.235,0.958194,0.0120884,18.2469,3.44361,4.4403,0.967727,0.00504819,23.3545,5.93664,11.2137,4.38366,41.007,16.4642,0.476321,35.8178,1.51472
45.0899,0.935907,0.0128633,19.2313,3.94548,3.91075,0.965649,0.00574763,23.2787,4.99532,8.78387,3.50851,51.8388,16.2542,0.523821,25.7719,1.63451
48.3348,0.938376,0.0125687,19.7138,4.14141,5.301,0.953053,0.00690512,21.8783,5.52642,8.83083,4.38927,46.0418,13.6958,0.599349,32.5511,1.66778
45.416,0.941169,0.0127242,17.5539,3.42979,3.65905,0.947549,0.00340424,25.6677,5.40624,10.4969,5.29772,59.2218,17.0029,0.159689,55.5232,1.47023
45.5229,0.950769,0.0087334,17.122,3.31027,2.89444,0.975108,0.00768587,26.5056,4.48879,12.6661,5.77759,71.0246,16.448,0.449558,31.0869,1.5251
45.0485,0.857637,0.0105155,18.4783,3.36859,5.79201,0.941213,0.00668666,25.2116,9.04351,13.1002,4.04016,30.4739,15.1225,0.446932,43.0956,1.52704
44.575,0.893028,0.00835052,17.1569,3.13047,3.88919,0.936662,0.00844171,27.2985,7.01657,7.83159,3.74521,50.7693,17.7572,0.310177,41.8956,1.48143
45.1718,0.899472,0.0125314,18.3965,3.4365,5.55256,0.96343,0.00695618,24.451,6.8698,9.44551,5.55659,63.0581,16.595,0.213332,67.0144,1.43549
41.3512,0.931172,0.00606572,19.1507,3.12678,5.51336,0.988252,0.00935621,22.9373,5.41028,11.2465,2.1759,45.5987,14.5973,0.411574,32.2539,1.6432
41.1065,0.863777,0.0120054,20.1319,3.54031,3.18857,0.930078,0.00288926,30.7855,5.99759,8.32705,3.05053,37.6891,14.8137,0.361283,47.3016,1.55429
42.3185,0.932266,0.0101051,18.7818,3.44566,2.95799,0.968063,0.00591754,25.0186,6.44948,14.0179,3.98338,58.7751,16.7342,0.467152,49.2096,1.54756
43.8937,0.810101,0.0115425,20.1089,3.65497,4.00204,0.962506,0.00324407,28.7281,6.85516,10.2183,4.18906,43.4826,16.9108,0.220787,32.2469,1.48025
45.6182,0.879083,0.00888929,18.3996,3.51837,3.57771,0.984375,0.00423333,26.9394,5.2383,7.7157,3.9647,71.1885,17.5412,0.55512,41.1237,1.55492
46.6381,0.872546,0.0123039,18.6165,3.5746,4.89539,0.953666,0.00960334,23.4905,7.96311,6.62169,2.68675,44.9924,15.8399,0.25622,54.8156,1.4782
40.39,0.88995,0.0107541,20.6875,3.37492,3.78966,0.991814,0.0160928,22.416,5.62074,17.298,3.42031,29.0797,14.2167,0.430458,64.114,1.49522
44.2245,0.866083,0.0123476,18.9298,3.53449,5.76668,0.88966,0.0064956,26.4502,6.99951,12.7724,5.59218,47.2256,17.3073,0.177367,58.9186,1.46614
47.2852,0.921818,0.0116689,17.1849,3.36037,4.79863,0.941596,0.00844103,23.1301,3.59292,14.2168,3.44739,42.266,15.6009,0.268446,79.1293,1.50292
38.9415,0.964666,0.00985085,18.1453,2.97981,3.28337,0.993683,0.00910329,23.4746,5.47956,6.18616,2.36059,58.2062,16.0115,0.222651,65.6377,1.49617
38.7198,0.9766,0.00835791,18.2721,2.93654,5.07688,0.985165,0.00645211,21.5627,4.91252,7.58686,3.9068,60.0227,15.2757,0.232108,30.6809,1.56075
42.9639,0.971407,0.0106842,18.9942,3.3852,5.41084,0.978107,0.00586382,21.27,7.48088,8.7481,4.52825,61.7299,15.3485,0.309532,52.5783,1.48988
39.3015,0.985777,0.0126807,19.8155,3.46788,4.76811,0.987683,0.00553822,22.923,6.78318,8.1978,3.7403,64.4014,14.4825,0.462831,41.8632,1.63942
47.7645,0.930335,0.0140911,18.6117,3.8055,3.59463,0.940909,0.00405353,24.4053,4.87126,9.65233,3.59741,47.3456,14.7353,0.197377,68.8031,1.50764
39.6811,0.945419,0.00766633,18.2514,3.00318,3.12493,0.957489,0.00676771,25.5428,6.26833,8.47997,2.65906,53.5195,15.771,0.229634,66.2048,1.50772
44.8417,0.92237,0.0138987,17.7402,3.47813,5.13403,0.892716,0.00919625,24.0562,5.84511,11.0096,4.0767,62.4094,18.6561,0.375287,44.0371,1.39752
43.9876,0.995157,0.00983128,15.6571,2.89558,4.25231,0.974116,0.00571395,23.1229,6.1606,10.1204,5.0168,64.7533,17.7914,0.409211,56.0182,1.31537
41.8518,0.994769,0.0113899,17.9708,3.13392,3.4055,0.971905,0.00547833,25.1493,4.15807,9.67815,4.29115,59.9979,15.1765,0.418718,31.6383,1.44369
39.8452,0.928035,0.0168125,20.3664,3.83203,3.88362,0.913855,0.00440429,27.948,6.30421,11.4507,3.96403,36.2416,15.0179,0.206817,63.5917,1.50252
41.8734,0.923066,0.013168,20.1736,3.45069,4.50316,0.970919,0.00571455,26.4723,5.95267,14.8317,4.08375,49.6643,14.3483,0.303039,101.16,1.54914
38.9739,0.916482,0.0111311,18.8047,3.27787,3.20076,0.972984,0.0029269,25.444,4.81982,7.50529,2.68649,72.4239,17.109,0.452947,23.2569,1.56959
39.7902,0.8537,0.0152797,21.5736,3.93276,3.18867,0.950311,0.00896098,26.2646,6.07073,9.01684,3.68979,47.3615,15.2673,0.251683,37.5111,1.52477
41.2538,0.964533,0.00952654,17.1564,3.02627,3.97734,0.998471,0.0125831,21.7688,7.9545,14.8662,4.24555,35.6532,17.2789,0.548561,26.871,1.48271
40.1791,0.972432,0.0104247,18.0046,3.13361,4.57158,0.978649,0.00264381,25.6101,5.4718,10.9032,4.36539,47.8224,16.9013,0.189688,97.5885,1.58057
43.9281,0.846176,0.00810673,20.0522,3.48641,5.01923,0.991297,0.00495428,26.068,8.74276,8.22418,3.46414,43.3806,14.4747,0.339335,97.7207,1.6257
41.8947,0.964805,0.00914125,18.4298,3.17079,3.48242,0.964492,0.00384264,23.4882,3.474,9.90474,4.50566,72.9232,15.8327,0.378219,64.311,1.51449
42.4033,0.959682,0.00933318,18.1949,3.26343,4.11727,0.884407,0.00586099,25.556,6.30174,12.8829,2.93401,46.6166,16.0953,0.488246,54.7418,1.60441
39.912,0.936642,0.013546,20.4389,3.67356,4.80692,0.892637,0.00379401,26.8172,7.89601,9.09078,3.59576,75.8743,15.4981,0.160086,50.7352,1.62615
44.0988,0.866527,0.0119571,18.6264,3.65224,3.63413,0.973425,0.00502752,26.4928,5.58352,12.0597,3.30571,47.4876,17.6958,0.33041,36.8434,1.52054
45.9536,0.871674,0.0105707,18.2085,3.59822,4.40118,0.991305,0.00429451,23.943,4.85842,10.5135,4.71924,60.0112,17.1695,0.228338,53.5734,1.49455
38.502,0.84464,0.0094598,21.4467,3.40819,3.22612,0.973769,0.0046939,27.8968,5.17118,12.6544,4.69019,43.3009,14.7805,0.517071,26.8217,1.59865
43.3708,0.867512,0.0114965,20.902,3.62669,4.22107,0.939026,0.0125091,26.7604,6.56303,11.2196,4.15227,49.5309,14.4043,0.220934,59.1065,1.50976
45.721,0.914898,0.00883134,18.0979,3.35551,4.40267,0.923883,0.0121544,25.0215,6.27062,6.36971,2.70674,60.3007,16.2896,0.499021,27.3275,1.51365
49.5803,0.959892,0.0126748,15.9211,3.35707,4.55082,0.986948,0.00596103,23.2299,5.44824,9.45393,3.55335,67.4046,17.7199,0.373371,40.7192,1.44655
46.0003,0.914151,0.013315,17.5322,3.36596,5.05953,0.94413,0.0246518,22.469,7.48468,9.97406,4.26543,58.6665,16.3457,0.517608,39.6704,1.41655
41.8762,0.883516,0.0125558,19.8055,3.55996,3.078,0.937126,0.00424909,26.8303,5.23215,10.3848,4.11752,61.693,17.1384,0.427877,64.3689,1.51719
42.2173,0.900241,0.0119267,20.3108,3.6119,6.70323,0.948679,0.00647223,22.1833,5.10095,10.8212,6.56077,59.727,15.4308,0.222774,96.6931,1.54094
44.5984,0.938032,0.0123371,17.8211,3.41522,3.99959,0.9753,0.00480009,23.1202,4.49018,11.7319,4.52232,54.3222,16.5975,0.264201,63.2023,1.50961
40.656,0.969902,0.0127873,18.1025,3.21246,3.77761,0.959632,0.013806,23.2201,6.05503,13.5309,4.38811,59.4518,16.4894,0.378555,47.226,1.44225
47.4296,0.90369,0.00863591,18.1877,3.35589,4.0415,0.992636,0.00569609,24.9378,6.97318,9.89882,2.79504,40.8571,15.0588,0.50042,34.6579,1.62418
41.492,0.950656,0.00997041,19.2671,3.30826,3.33309,0.903855,0.00638092,26.9094,4.76567,9.09188,3.67278,55.7454,14.919,0.648495,31.0307,1.59941
48.7492,0.989929,0.0104315,17.0344,3.23121,2.78724,0.857624,0.00672683,26.34,4.88833,8.36619,3.67325,53.864,13.1817,0.18656,55.9604,1.53177
37.6565,0.966347,0.00770368,19.0919,3.03652,4.48687,0.962997,0.00421197,23.8564,7.14233,10.0313,3.23155,41.5541,16.168,0.43525,39.4107,1.44584
37.9732,0.924215,0.00901311,19.9234,3.20832,4.25385,0.941016,0.00418033,24.6502,5.18646,8.96887,3.4533,55.0746,14.8238,0.272617,77.9233,1.56659
45.0268,0.887157,0.0124464,21.0553,3.81043,4.45296,0.944046,0.00547687,25.6966,6.27375,9.27809,3.60269,40.0224,13.1353,0.236166,71.4203,1.62465
39.8256,0.9212,0.0105456,21.1326,3.46359,5.13645,0.972059,0.00741764,22.0766,6.52417,11.1002,4.69112,36.7249,13.7339,0.482439,42.2737,1.62109
40.4657,0.989555,0.0107948,18.0381,3.18535,6.37579,0.924221,0.00717759,22.9731,7.32987,7.36028,3.51742,76.2895,15.8612,0.223914,27.5171,1.55204
43.2427,0.921872,0.0111918,19.0197,3.42739,3.53863,0.932194,0.00459218,27.7261,6.09847,11.4378,4.34489,37.0464,15.6776,0.267416,65.3979,1.37164
44.1985,0.963339,0.0070145,17.6918,3.15472,3.51243,0.877988,0.00605074,23.7108,3.43182,11.8488,3.99165,43.9297,16.2348,0.209551,85.9407,1.53644
43.7094,0.991583,0.0088032,18.0321,3.3244,4.54927,0.986734,0.0107143,20.8054,4.71779,11.2471,4.17044,65.1667,18.1351,0.0717637,44.2043,1.53423
42.7147,0.98027,0.0139811,17.9999,3.31436,4.87412,0.948662,0.0101011,22.6294,4.68645,11.8451,4.62268,56.1819,16.2854,0.47476,33.015,1.50988
44.2211,0.956873,0.0106857,17.5627,3.4178,3.34563,0.991516,0.00815855,23.6158,5.65729,11.165,3.98515,41.2829,17.5556,0.408436,53.6535,1.51017
36.9101,0.941161,0.0098549,19.8344,3.16661,6.53386,0.930867,0.00899742,21.0333,7.63089,10.8726,4.7899,44.0122,16.5595,0.648593,28.4222,1.59144
46.3791,0.90692,0.00818999,17.6157,3.28229,3.39342,0.932139,0.0050319,27.5023,5.78155,12.8383,3.47344,37.7151,17.6796,0.522353,29.5089,1.56632
45.1366,0.889511,0.013974,19.1825,3.68722,4.34268,0.992717,0.00459056,24.6693,7.14114,9.24865,4.15486,46.9826,15.9456,0.219898,43.5195,1.5668
40.2931,0.889516,0.0103538,20.0042,3.47132,3.8821,0.965487,0.00530149,27.4789,6.04864,11.8658,4.28458,60.0962,16.5857,0.302419,97.1001,1.57353
43.8284,0.996301,0.0120181,17.8994,3.41214,5.09954,0.95392,0.00423454,21.3388,4.64177,9.26545,4.47124,60.8868,15.5838,0.228599,78.0898,1.54326
38.3312,0.907875,0.00733552,20.162,3.15046,5.07902,0.979,0.00632086,22.7851,6.91141,14.0701,5.55484,42.7378,15.4593,0.368349,24.6719,1.59309
45.811,0.907663,0.0105733,18.3747,3.43155,5.91825,0.922999,0.00933832,22.2144,7.07535,9.34932,4.38112,64.8184,16.5586,0.255381,46.4145,1.57613
38.7806,0.857578,0.0119115,20.2834,3.36456,2.43075,0.968964,0.0107855,22.9697,4.89644,11.1299,3.08029,37.2801,15.8423,0.382531,28.2097,1.41655
35.2418,0.97626,0.00542605,19.7773,3.00049,3.73985,0.955311,0.00746905,25.4674,5.6049,15.3044,6.01106,39.7991,15.8811,0.211928,35.6744,1.59212
40.0747,0.933534,0.0110319,19.403,3.31342,4.32663,0.982014,0.00664477,24.6741,5.71917,9.11705,3.50898,54.6792,15.0079,0.401175,40.0571,1.50528
41.6008,0.937639,0.0131158,19.8823,3.44212,6.51805,0.994529,0.00949474,22.3044,5.56437,10.5228,4.30437,51.3148,13.9609,0.253803,124.8,1.50242
41.8169,0.915676,0.00999292,18.3288,3.26937,4.55121,0.964113,0.013027,20.8987,4.03348,11.7383,3.5933,34.485,16.6438,0.440698,39.7116,1.40423
38.092,0.883367,0.00906806,19.8725,3.19949,3.44529,0.911027,0.00205824,26.1101,5.01913,9.78544,5.15552,49.422,16.704,0.173506,67.3007,1.5618
39.3297,0.930132,0.0107089,18.1661,3.18145,6.84686,0.968188,0.0182773,19.5732,7.01788,11.5746,6.23907,53.3933,16.5657,0.349214,36.2656,1.48323
36.715,0.832838,0.0113948,23.2807,3.92579,4.2044,0.918528,0.00166331,28.0886,5.86808,11.5385,3.21204,48.169,14.359,0.273082,64.2924,1.69672
43.5695,0.981905,0.0150737,19.6729,3.82113,5.61999,0.954852,0.0027574,21.9144,4.2681,14.7864,4.87818,45.1348,14.3428,0.198676,143.06,1.6413
46.0491,0.940422,0.0154311,17.7141,3.50934,3.76121,0.992773,0.00565066,23.9361,5.42717,10.6405,3.68168,49.6868,16.3526,0.317272,79.8338,1.44568
41.9401,0.933242,0.0123993,19.3265,3.4307,6.164,0.914823,0.0136736,22.4674,6.33121,10.3591,3.61451,51.2333,15.6074,0.286869,32.336,1.47397
50.7896,0.882554,0.0138402,17.2682,3.57185,4.89247,0.961926,0.00993516,23.6392,5.61932,10.5031,3.58831,50.8948,16.5296,0.286464,39.3095,1.55654
39.3173,0.941046,0.00507468,18.4517,2.87997,4.05146,0.958484,0.0067073,25.5186,5.96915,8.33135,3.80083,87.9177,16.9718,0.448651,37.7988,1.50278
38.2012,0.932525,0.0112222,18.3316,3.11413,5.34116,0.989697,0.0099436,19.2458,3.29566,11.3373,3.0897,64.9206,17.5655,0.199338,56.771,1.43508
43.2638,0.847344,0.0144979,19.7282,3.7874,5.43304,0.956658,0.00825417,24.3662,4.6806,10.1985,4.58994,59.9585,17.486,0.119633,111.356,1.43107
42.6245,0.971799,0.0169365,19.2771,3.82901,3.40697,0.968345,0.00942803,22.4903,5.73517,7.54831,3.4227,68.7365,15.547,0.428424,53.8688,1.43616
41.563,0.877952,0.00977639,19.8938,3.57588,4.63874,0.967233,0.00815851,24.4423,5.4329,8.06498,3.28974,53.7152,15.9431,0.331357,39.1889,1.5908
44.1902,0.897521,0.0114488,19.0606,3.61011,4.13201,0.914621,0.0101058,26.992,5.92847,11.9324,5.29424,56.5542,16.3312,0.352309,45.9127,1.56624
43.1689,0.919937,0.00827984,19.2915,3.39533,4.09543,0.954512,0.00705331,25.1887,5.1712,12.1265,3.61215,46.4162,16.391,0.187702,116.079,1.57684
37.9436,0.849349,0.0110725,20.2477,3.24933,4.53433,0.935759,0.0074706,26.1089,7.44362,9.10256,2.99858,57.3845,16.1364,0.457203,36.85,1.54558
42.8074,0.919806,0.00873887,18.3346,3.31215,3.87819,0.956217,0.00361963,25.9926,6.44225,11.045,3.57577,38.2962,16.6561,0.162661,65.7362,1.58639
43.1426,0.874143,0.00980197,18.7638,3.2634,3.98202,0.981499,0.00648255,26.685,6.76435,11.7442,4.8904,45.8406,15.2557,0.318489,35.0144,1.5129
37.6222,0.92117,0.0100846,19.2942,3.03011,5.27248,0.927492,0.00646362,23.159,4.91249,9.5131,9.04357,43.9748,14.788,0.238208,24.8433,1.45859
39.9026,0.890148,0.00707323,20.3916,3.23924,3.58306,0.924849,0.00539872,23.67,4.95835,8.18624,3.24437,40.6047,15.1517,0.241871,43.9387,1.60776
39.1053,0.879085,0.00689419,19.403,3.27224,4.38554,0.93004,0.00938468,24.5108,5.10855,12.5079,4.30826,40.1068,17.5122,0.770734,38.3697,1.66365
42.3434,0.904343,0.00880042,18.6718,3.16382,5.07846,0.942998,0.00596146,23.7134,6.16736,8.7908,4.50088,76.3813,15.6754,0.513749,29.3933,1.49782
44.6707,0.897289,0.0137004,18.0971,3.55904,3.84712,0.957741,0.00955272,24.5428,6.8605,6.18811,2.107,65.9519,16.656,0.112419,76.8346,1.53603
38.6081,0.956253,0.0112414,19.4983,3.48725,4.80192,0.893508,0.00516321,24.0055,5.65655,8.25212,3.44103,76.2976,15.7701,0.473294,28.821,1.59315
40.3077,0.988556,0.0131001,18.8021,3.40133,4.19872,0.977935,0.00976147,23.7182,5.82479,10.0635,4.50348,54.5269,17.7017,0.561871,32.4088,1.45673
38.2045,0.943503,0.00980696,18.7461,3.16883,3.61521,0.96907,0.00761492,22.3131,4.48092,9.17848,3.3028,80.4962,17.2607,0.120068,38.2005,1.42329
40.0022,0.947061,0.00666011,18.7207,3.05126,5.70511,0.897585,0.00461093,24.8079,6.23873,10.4036,3.10394,53.3906,16.0284,0.285604,81.1829,1.44162
40.5465,0.849013,0.0101003,19.6394,3.30923,4.00482,0.989968,0.00880894,26.7263,8.71383,6.56462,3.34588,62.6238,16.624,0.275932,44.227,1.50505
39.6504,0.975619,0.00588858,17.063,2.95197,4.71643,0.988614,0.00342341,25.2104,5.34698,8.38515,4.73659,49.5105,18.628,0.561704,30.3776,1.53428
41.3874,0.863042,0.0101109,19.7386,3.43517,5.07879,0.995529,0.012925,21.6048,4.77789,11.6167,8.4442,45.4042,18.0316,0.22393,40.4443,1.4594
45.4914,0.83331,0.00830344,18.4385,3.34911,2.7924,0.956726,0.0048313,28.861,7.25797,13.4495,3.89555,44.263,18.8902,0.203729,33.6082,1.489
40.5123,0.933102,0.0115676,18.6249,3.24359,4.93098,0.969486,0.00895508,23.5162,6.84913,10.2869,4.54258,37.7529,15.3275,0.0889296,42.5331,1.42972
46.5206,0.939391,0.0149786,17.7012,3.57323,4.86332,0.957616,0.0206168,21.3091,6.06798,9.03183,4.08725,52.1698,17.3847,0.341937,60.9284,1.47357
41.0032,0.948352,0.00735052,18.6634,3.12503,3.96237,0.943633,0.00507745,26.4019,5.6504,8.95881,2.87806,51.7011,14.6314,0.126586,73.3612,1.63446
46.7322,0.979166,0.00618279,16.8203,3.0538,4.56756,0.954713,0.00660824,23.8065,4.72935,7.72064,3.29284,72.1209,16.0785,0.273987,68.5969,1.55032
49.6885,0.927533,0.0103559,17.7768,3.3251,4.60363,0.952314,0.010799,22.4257,4.69373,9.52005,3.8803,49.1213,14.4408,0.633665,16.4833,1.44026
42.2433,0.949875,0.0160838,19.7838,3.73569,3.24576,0.967892,0.00104283,26.7597,6.27938,14.5264,4.48167,33.3655,14.2203,0.385141,83.0522,1.55488
45.3261,0.87354,0.0129867,18.0876,3.58954,3.94201,0.857848,0.0161074,27.1644,6.75001,11.6606,2.97769,33.4712,17.0234,0.218472,43.1323,1.43331
41.7501,0.957835,0.00530236,16.9321,2.87476,3.36679,0.969729,0.00512514,25.1741,5.28678,9.71572,3.22143,48.6879,17.859,0.261313,43.6384,1.51237
46.4238,0.875373,0.00750657,18.4037,3.10186,4.59212,0.915174,0.0139922,24.3561,6.9009,14.8249,3.58785,27.5518,14.2412,0.272838,58.8488,1.44683
44.1814,0.925881,0.0113461,19.0652,3.44966,3.85953,0.975306,0.00231537,27.5532,5.78937,12.7465,4.04097,53.1194,15.5909,0.297438,92.016,1.56776
36.6918,0.921412,0.00786612,20.9081,3.24807,4.71888,0.99037,0.00362644,24.0291,5.3124,8.57025,3.22916,70.104,14.8697,0.584977,18.96,1.64529
37.2093,0.920142,0.0116563,19.957,3.21546,3.84566,0.956563,0.00524552,24.2813,5.24414,7.21541,2.41682,60.4065,15.0421,0.633956,28.6508,1.40568
44.9372,0.900398,0.0124275,18.5721,3.56683,3.62019,0.992478,0.00384012,25.2303,5.12326,9.29058,5.30642,69.7057,15.5678,0.146412,44.0692,1.50346
41.3349,0.91527,0.00425909,17.9586,3.03636,4.27315,0.957135,0.00629428,23.8187,5.11617,9.73034,3.79167,51.2401,17.3806,0.346665,41.1761,1.57199
38.3309,0.93209,0.0103438,19.466,3.32777,4.90844,0.977263,0.00947871,22.0664,5.60467,10.3841,4.06129,55.2863,17.0276,0.238915,60.8279,1.54877
44.0027,0.933019,0.00983646,18.3965,3.31597,4.39347,0.977341,0.00925493,26.1173,6.27171,10.831,3.3562,40.4462,15.7937,0.347573,74.2757,1.52141
41.9661,0.927509,0.00744264,18.9792,3.29164,4.95626,0.985806,0.00357758,26.548,6.66643,10.5265,3.81536,59.545,15.3091,0.392664,38.8167,1.69476
38.3653,0.889871,0.0076186,21.2634,3.25774,5.80368,0.929956,0.00722975,23.6518,6.80144,9.03575,3.46471,45.1044,14.6972,0.373914,31.8726,1.63171
40.3654,0.841757,0.00952358,19.4515,3.36197,4.66039,0.966202,0.0116872,23.9164,6.54765,13.0734,4.22151,31.8685,16.7261,0.430672,50.5478,1.5596
44.1507,0.927165,0.0109112,17.4633,3.24049,3.82702,0.94075,0.00292763,26.6693,5.27078,8.31651,5.77489,70.2345,16.8103,0.206383,68.4322,1.52283
42.8811,0.961715,0.0110266,17.6251,3.17647,4.62649,0.998008,0.00838657,22.8351,5.86012,6.6366,3.31947,81.1799,16.1999,0.363183,69.2745,1.50353
44.1934,0.914477,0.00918758,18.5451,3.33916,4.65473,0.981728,0.0069429,23.9729,4.57531,9.55435,4.67834,59.0626,15.4679,0.22674,74.9347,1.67113
46.0564,0.829983,0.0114767,20.2162,3.72977,5.83348,0.954857,0.0118639,26.1215,6.22307,10.0769,3.73698,55.5052,14.185,0.279765,100.389,1.57219
44.0861,0.991218,0.0106339,17.33,3.26232,3.65206,0.922597,0.00963365,24.823,5.95257,7.94963,2.90306,75.1734,16.4381,0.103701,59.054,1.49973
40.2552,0.872933,0.0147187,20.2368,3.62607,4.24227,0.968279,0.012749,22.7724,5.87235,8.93285,3.40246,30.9982,15.5967,0.612072,29.168,1.48237
36.0803,0.946136,0.0119183,21.4734,3.46118,4.2872,0.855735,0.0127459,25.1834,6.33181,10.6678,4.31637,58.2174,15.5075,0.300536,52.7046,1.46851
41.0902,0.939858,0.0122868,18.662,3.32637,3.57603,0.834624,0.0120861,28.9032,5.93413,13.3807,4.05192,55.2788,16.3857,0.342715,66.1867,1.47402
37.9119,0.889454,0.0103627,20.8656,3.55107,3.85597,0.995656,0.00516384,22.396,4.88812,9.49496,3.65524,48.5556,16.5445,0.183561,62.4143,1.57137
38.542,0.990642,0.0100142,18.0457,3.10129,5.12137,0.981109,0.00977831,22.8968,5.69548,9.07153,3.89365,63.9787,15.8509,0.242532,78.4943,1.49922
44.3519,0.972346,0.0114574,17.9996,3.42596,4.67352,0.994494,0.00713604,22.2703,5.09427,8.52796,3.97352,70.2902,16.5108,0.29316,75.8139,1.49479
44.3178,0.970186,0.0113484,18.2002,3.6103,3.61971,0.968967,0.00214655,25.3318,4.17236,7.0621,3.41394,81.0338,15.812,0.307645,62.1236,1.59008
35.148,0.936598,0.0102561,21.6255,3.39834,5.57935,0.951199,0.0116526,23.1429,8.83302,9.78712,3.12712,43.3427,15.5263,0.460313,33.9265,1.65166
45.1115,0.856394,0.0123716,20.6432,4.11161,3.75729,0.988298,0.00899719,20.7067,4.59892,6.97648,3.8299,66.2943,15.8432,0.507538,29.4693,1.65877
38.0623,0.84591,0.0104222,20.6853,3.51732,3.94039,0.951712,0.00388799,26.5492,5.11795,10.9939,4.40836,65.4998,17.2333,0.384589,48.6561,1.58345
47.9222,0.985545,0.0140728,18.1833,3.86367,3.54208,0.963657,0.00935611,22.4031,4.32045,15.2074,4.66632,44.3134,15.8807,0.290028,49.4855,1.49008
36.9021,0.891104,0.00716023,19.3176,2.98677,3.66955,0.969299,0.0064122,24.8721,7.81201,11.8555,5.00965,35.4333,16.6795,0.442859,38.5624,1.53969
39.1508,0.873138,0.0151454,20.2699,3.56996,4.78976,0.919965,0.006578,26.1898,5.90962,10.1478,2.70353,40.0167,15.0863,0.0475975,32.021,1.46736
39.9795,0.939397,0.0108889,18.5331,3.13345,3.48748,0.953662,0.00808183,22.0666,5.14878,9.50426,3.70582,49.0777,14.8899,0.145393,48.2183,1.43364
45.0349,0.910051,0.00889169,18.1535,3.26177,5.21225,0.996608,0.00812796,23.5564,6.47519,7.5782,4.08604,73.185,15.8234,0.230368,54.4179,1.50295
39.3695,0.898873,0.0120633,20.5227,3.61266,3.72392,0.944501,0.00571728,26.0054,7.34347,12.2854,3.5651,45.0019,14.9579,0.196085,75.4389,1.64858
40.6884,0.986822,0.0100202,17.8112,3.14847,4.61735,0.949875,0.0028937,26.1966,6.54739,10.6475,3.2172,43.8914,16.4256,0.230761,89.5314,1.53569
42.9197,0.918348,0.0115302,19.2913,3.48279,4.81558,0.962803,0.00798905,22.7923,5.51026,11.3324,4.80109,62.803,16.3282,0.684324,25.5861,1.53288
41.3484,0.972096,0.0085851,16.9561,3.08384,4.87263,0.973763,0.00630186,25.247,5.3783,8.19003,4.48873,70.3285,19.0088,0.278613,75.9132,1.45421
38.0518,0.900053,0.0110447,20.158,3.54611,3.34397,0.965263,0.00782693,25.7283,5.64969,10.4148,3.41985,49.4496,17.0845,0.32062,52.7926,1.59565
45.2638,0.92043,0.0122928,20.1487,3.85416,3.83472,0.93368,0.00617331,26.315,5.29944,9.75726,5.40177,54.9838,14.3636,0.415818,43.3715,1.68958
41.3447,0.956018,0.0122777,19.6289,3.43696,3.76332,0.955648,0.00943311,25.2452,4.91634,8.98725,4.27901,74.704,14.7816,0.213303,66.1091,1.52936
42.2413,0.978309,0.00881527,19.0237,3.26488,5.29026,0.961968,0.00470868,24.5996,5.41379,9.89302,4.0346,54.7255,13.7854,0.359045,63.9951,1.67816
44.0907,0.990435,0.0118057,18.9224,3.66648,5.38263,0.992609,0.00213157,22.9087,4.61516,10.4692,4.98765,89.2934,15.4663,0.694883,28.7117,1.6942
35.2567,0.894666,0.0123039,21.6631,3.5286,4.25651,0.96831,0.00946632,22.2542,3.99188,9.75903,5.46492,51.0858,14.663,0.149774,36.9136,1.52147
48.1415,0.927096,0.0141691,18.5472,3.82275,4.02918,0.960271,0.00715306,23.9431,4.64757,9.49289,5.1104,69.0448,16.7511,0.49478,40.1455,1.4684
43.0885,0.868808,0.0102604,19.7042,3.73236,4.26673,0.993337,0.004783,27.4994,5.53721,12.0775,4.65297,54.2112,17.7161,0.337465,45.9117,1.60445
42.0135,0.808024,0.0118696,21.4948,4.08323,4.10925,0.986464,0.00677859,26.3404,7.51047,9.99072,4.099,42.8478,15.715,0.438785,32.3602,1.66257
43.4469,0.977053,0.0120911,18.3374,3.49665,5.17274,0.985971,0.0052072,23.5619,6.40864,10.1189,4.01435,52.3117,15.8597,0.503708,44.4055,1.54227
50.4872,0.8602,0.016526,18.8146,4.03554,4.56282,0.968114,0.00985736,23.7054,6.0578,7.74946,3.18778,59.678,14.3717,0.299531,77.0457,1.51093
41.3124,0.900209,0.00890707,19.0474,3.21687,3.84296,0.905909,0.00924511,25.8972,6.09723,10.4123,4.37587,45.4613,15.3726,0.142231,42.411,1.56491
42.6098,0.951051,0.00999215,19.1775,3.26772,3.67636,0.931529,0.00965798,26.4798,6.22951,9.61976,4.0779,45.6856,14.2474,0.213863,88.1035,1.45124
38.2626,0.872383,0.0132333,18.5298,3.20562,5.10999,0.884704,0.00851876,26.3283,6.43365,7.68436,3.66743,76.1524,18.4737,0.456545,52.6942,1.4144
37.5233,0.879719,0.00665627,18.5901,2.9233,4.07261,0.938366,0.00324378,25.062,4.46315,6.4108,3.07193,73.8055,17.7415,0.330699,35.6863,1.40709
41.2001,0.969573,0.0118065,17.7276,2.94897,3.43826,0.979081,0.0160677,19.519,4.45485,9.80944,7.89385,63.2298,15.7147,0.27287,56.9134,1.3145
49.4504,0.988013,0.010619,15.169,3.12291,5.4359,0.981983,0.013516,23.1994,5.90752,9.14627,3.79063,64.6935,18.0793,0.269778,105.442,1.37854
40.3729,0.913941,0.0098738,17.847,3.14006,4.81131,0.907956,0.00516369,30.2017,5.65567,11.1631,4.62729,58.8062,18.2804,0.246102,118.704,1.5167
47.4413,0.918885,0.0101935,17.4608,3.29843,4.25909,0.956423,0.00776249,25.19,5.45244,6.57916,3.24839,57.2122,15.81,0.179026,120.979,1.54038
42.0902,0.862545,0.0112099,18.967,3.4316,5.30138,0.966134,0.00737614,25.9858,6.42923,7.47155,2.14919,55.8982,17.4065,0.126937,111.949,1.58891
44.1852,0.939156,0.00923083,17.9976,3.21347,4.24042,0.913512,0.00607618,25.8559,7.06022,11.6528,3.85029,44.0847,16.8897,0.277866,83.2909,1.57397
38.3957,0.981037,0.0110649,18.9718,3.23851,4.89463,0.941963,0.0069206,25.2088,7.05258,11.2002,3.14591,51.8544,15.9409,0.363363,38.9482,1.50074
41.0709,0.906079,0.00810788,19.9736,3.24787,4.46568,0.983787,0.00113643,25.106,6.1302,14.718,3.612,44.6974,14.4862,0.182002,96.0308,1.54297
40.6466,0.933355,0.00861833,18.9197,3.21,3.84405,0.977137,0.00798678,23.3832,7.58084,11.562,8.83325,45.4282,16.4718,0.526211,24.0014,1.56966
40.2406,0.940579,0.00634624,18.3912,3.03956,4.14353,0.967373,0.00311257,24.5982,4.53511,13.9661,4.04944,53.4347,16.8707,0.325934,38.0427,1.54298
43.2819,0.882028,0.00946717,18.5349,3.30226,4.22586,0.965446,0.00158899,25.3747,4.97825,10.5879,3.30289,38.4602,16.1112,0.476455,68.9969,1.59537
41.7236,0.943317,0.0100737,19.6162,3.28518,3.76052,0.950938,0.00981605,23.1971,3.7062,9.42399,4.19703,54.1759,13.8234,0.47985,38.352,1.44007
45.8572,0.9756,0.00779502,16.5734,3.01196,3.15567,0.902717,0.00350794,27.3593,5.76114,9.19134,4.24163,54.3975,16.859,0.288055,43.9434,1.46394
50.1716,0.916864,0.0135568,17.5545,3.77462,4.33524,0.922724,0.00269217,25.6962,5.57738,12.5927,4.20636,35.7779,16.9935,0.239282,101.717,1.5098
39.5329,0.953391,0.0127876,18.8783,3.22132,5.10216,0.901312,0.0104191,23.758,6.49892,9.99232,3.04115,52.8583,15.8455,0.502071,49.1994,1.47508
43.1545,0.915206,0.0138019,18.4056,3.47511,4.95235,0.965919,0.0104489,25.3344,6.089,6.59411,3.22679,109.003,17.2201,0.320776,39.16,1.50905
39.1432,0.884509,0.0110629,22.2887,3.83952,3.02358,0.992897,0.00431337,27.4418,5.76933,16.0284,4.26215,34.0041,14.4275,0.450734,44.9554,1.68952
37.9026,0.943153,0.0113015,20.5359,3.31424,5.4954,0.927695,0.00762644,23.6041,5.77312,7.81876,3.48259,53.5354,15.3628,0.179267,42.202,1.59169
45.5231,0.90578,0.00844643,19.3158,3.52474,4.0253,0.910944,0.00348938,29.1077,5.55336,8.78222,3.74151,63.1687,15.1204,0.586367,48.0041,1.64367
39.8321,0.8929,0.0052637,18.4331,2.94641,4.31102,0.968069,0.00555068,25.9489,6.76779,5.07648,2.02711,49.3178,18.0026,0.621315,21.1672,1.55541
44.0765,0.817516,0.0109119,19.2285,3.48425,5.89385,0.913864,0.00559155,23.4164,6.11995,8.27449,3.4446,48.9828,17.9205,0.285775,67.1166,1.53773
40.0621,0.894114,0.00644087,19.8204,3.27838,4.13786,0.999529,0.00681174,24.899,5.35231,8.43661,3.24462,62.2366,16.9849,0.238963,79.9463,1.59167
43.3788,0.916002,0.0103798,18.9122,3.42921,5.15513,0.966063,0.00307885,24.1497,7.34676,7.56842,3.45291,52.8831,16.2758,0.525563,42.5654,1.61969
44.619,0.902924,0.013448,18.0967,3.48923,5.86187,0.966931,0.00669701,24.2579,5.813,14.0831,4.48118,34.3792,15.7594,0.179041,142.505,1.44489
43.5613,0.905835,0.0110233,18.8189,3.48292,5.36762,0.967797,0.00600643,24.1277,5.29947,14.8085,4.90541,36.1118,16.268,0.149547,145.61,1.60866
45.6877,0.983242,0.00710344,15.9431,2.92351,4.27788,0.992112,0.0124454,23.5166,5.57385,7.14917,2.47723,43.682,16.7126,0.200604,19.6527,1.51003
51.1247,0.91999,0.011697,17.0295,3.53763,4.32684,0.970656,0.00734436,27.0484,5.28918,11.9797,3.43306,32.5143,15.714,0.269452,136.353,1.50476
42.515,0.92868,0.011704,19.145,3.39826,4.63311,0.993286,0.00662122,23.4033,9.81589,8.26265,2.64291,47.383,15.23,0.557727,25.068,1.5068
43.3034,0.899259,0.0135175,19.3448,3.51844,5.36111,0.939103,0.0114797,24.7769,8.62101,10.9516,2.50415,48.9361,14.9524,0.283215,55.331,1.51464
43.9121,0.866493,0.0106035,19.8237,3.5981,3.79473,0.980081,0.00511314,27.4488,5.1258,10.103,4.73307,41.9063,15.2625,0.441576,63.6853,1.58183
45.643,0.894013,0.012074,18.8188,3.78698,3.43672,0.948459,0.00321858,24.3831,5.89095,12.142,3.64025,44.8589,16.7464,0.342763,54.8601,1.58387
44.688,0.926811,0.010905,17.3574,3.37225,4.74604,0.923165,0.00603235,25.6488,4.89982,10.3793,5.96782,65.794,17.8256,0.269928,64.1415,1.54923
37.6042,0.961637,0.00746425,18.1655,2.95414,4.28261,0.94792,0.00530389,24.2223,5.64066,9.7676,4.46687,60.4579,16.3325,0.158018,37.6564,1.50476
40.9901,0.962151,0.0051558,18.7513,3.09944,4.51507,0.957357,0.00468492,25.0268,7.34797,8.42184,2.55537,75.2622,15.2771,0.341262,27.5771,1.61222
41.824,0.921028,0.0121136,18.6824,3.19867,3.53713,0.857778,0.00798292,26.1157,6.12619,14.4945,4.16997,27.1411,15.1278,0.237151,58.4663,1.49919
41.955,0.888496,0.0129473,19.9024,3.53526,3.19929,0.925114,0.0101646,25.8271,5.17411,11.8957,4.00513,39.8545,14.8909,0.258703,54.0647,1.52162
44.0311,0.927432,0.0128118,18.4575,3.42452,5.63853,0.845222,0.00786729,25.2774,7.1925,9.03253,4.39376,63.8616,16.1727,0.389983,36.3657,1.52732
45.6148,0.902434,0.0100878,18.1147,3.34089,3.28106,0.950978,0.00711386,25.9579,6.45025,7.76362,3.27347,61.8329,15.9834,0.19433,64.5427,1.48555
36.1853,0.867183,0.00861585,21.0417,3.27468,5.11297,0.955079,0.00586373,25.8681,6.61152,10.523,3.30249,56.2443,15.1312,0.334926,49.4247,1.5796
44.8516,0.972747,0.0143021,18.5303,3.57997,4.62552,0.969799,0.0077697,25.0733,6.17384,7.73702,5.61473,49.074,14.5479,0.1487,87.6322,1.56746
46.5036,0.982803,0.0110435,17.4983,3.41452,3.82279,0.979642,0.00589001,22.1055,5.4274,7.65901,2.65817,65.8437,16.1247,0.265354,32.6012,1.49109
38.9328,0.81937,0.00927826,21.6047,3.46017,4.76811,0.843685,0.00310526,29.6681,6.34846,10.0367,3.19474,61.0925,15.9868,0.277781,56.2122,1.60216
40.7911,0.883565,0.00502351,18.9045,2.99357,3.38634,0.931415,0.0074709,25.7695,3.46788,12.8493,4.90552,54.1992,14.6626,0.570119,48.2185,1.51256
50.4922,0.95397,0.0119194,16.6915,3.58877,3.99359,0.976345,0.00905683,21.3595,3.53459,9.63878,4.02555,59.2288,17.4548,0.602496,36.9647,1.56773
39.6362,0.903936,0.00773797,18.3827,3.0395,4.26964,0.966167,0.00778569,23.0323,4.59674,9.94736,3.14031,56.768,16.948,0.209121,48.1398,1.45442
41.8716,0.999229,0.0110716,18.5807,3.39288,4.25311,0.970119,0.00990983,19.5338,4.16407,12.0545,3.38426,54.2262,15.8479,0.404243,51.1358,1.59049
40.7162,0.914839,0.0137011,20.247,3.73336,4.40095,0.935115,0.0145939,23.6364,6.23586,9.27067,4.67002,71.7034,16.9184,0.529096,27.4501,1.53721
45.9338,0.84649,0.0151567,21.085,3.97052,4.90702,0.968198,0.00842132,20.7971,4.44476,8.8247,3.70935,47.9543,13.4442,0.483594,35.5879,1.52122
42.437,0.943418,0.00625521,18.511,3.17014,3.54212,0.993556,0.00962576,24.122,8.76047,13.9385,4.66096,41.2985,16.0209,0.307971,54.1543,1.59547
44.8042,0.892462,0.0139598,18.289,3.53917,4.4056,0.98183,0.00873522,21.5671,5.75757,9.17209,3.22332,56.6258,17.5775,0.249312,54.1835,1.50401
48.2418,0.926163,0.0150344,17.8626,3.854,3.81733,0.902846,0.00577336,24.683,5.0408,7.25787,3.61871,66.0744,16.9533,0.306255,34.2157,1.4641
45.9306,0.95918,0.0101805,17.2617,3.27714,3.89929,0.878831,0.00841257,27.2147,6.81606,13.4629,3.92868,36.935,15.5687,0.36201,65.4311,1.55498
41.6275,0.890546,0.00991359,19.137,3.40581,3.05931,0.915586,0.00272555,30.8885,5.85689,9.82779,4.78907,61.2439,15.9176,0.264022,33.6826,1.57387
41.4722,0.97798,0.00994821,18.3936,3.1576,5.11948,0.91489,0.0120585,21.4164,5.62955,12.968,3.7298,37.7704,14.6171,0.393389,62.8981,1.47709
39.4844,0.892373,0.00930041,19.9217,3.36506,4.01716,0.973377,0.00473619,28.0058,6.91916,10.4613,3.66354,44.3676,16.2955,0.540059,57.7914,1.50178
46.8406,0.841742,0.0138536,18.1198,3.45032,4.1018,0.923942,0.0109883,28.3454,5.9803,9.46759,3.23925,58.3253,16.4363,0.148776,117.298,1.42905
39.7528,0.922732,0.0124773,20.3848,3.53234,5.64817,0.94966,0.00753772,23.7004,6.41256,11.3105,3.73496,43.7762,15.6777,0.365018,53.5101,1.57161
41.3136,0.935763,0.0130685,19.1725,3.6593,3.50833,0.956555,0.00469142,26.0196,5.32993,10.4595,4.58924,62.061,16.1917,0.551104,28.0255,1.58102
40.8876,0.947064,0.00761224,18.6104,3.14502,3.45091,0.923896,0.0041951,24.4929,3.93055,10.3881,3.96003,57.4758,16.4268,0.268858,44.6945,1.58473
39.6472,0.957444,0.00808098,19.3424,3.18963,3.63426,0.981979,0.00476026,22.7514,8.08835,10.8588,3.03643,41.8386,15.8976,0.425897,48.288,1.61405
48.5887,0.931221,0.0138077,16.3602,3.33422,4.6315,0.922045,0.0118931,22.5504,5.35858,9.73284,3.20042,58.7387,18.5924,0.262121,51.03,1.36213
37.2298,0.930938,0.010931,20.4068,3.23337,5.02019,0.956367,0.00832411,24.5104,6.19068,14.7159,4.27648,52.7135,15.0857,0.427843,33.2438,1.57579
41.7712,0.980084,0.00654537,17.3776,2.94095,7.69004,0.963926,0.0220508,18.5523,5.21442,10.2733,4.07867,50.9163,15.6562,0.167054,20.7881,1.39614
36.0609,0.861104,0.0105384,21.4909,3.4608,3.70402,0.967595,0.00262559,29.8027,6.82853,8.76814,6.49967,60.9895,15.9399,0.200413,48.9411,1.50893
41.7455,0.938202,0.00918456,19.2859,3.2957,5.57754,0.971326,0.00340988,21.6362,6.56814,10.814,4.73625,49.4768,15.84,0.26325,51.8098,1.53653
46.3133,0.907989,0.012878,19.1154,3.65032,3.84544,0.97046,0.0125577,25.2746,7.44723,10.4523,4.62074,32.3937,14.5642,0.0704362,87.8673,1.58534
46.0094,0.918179,0.0146548,18.6483,3.65864,5.44366,0.926011,0.00731817,21.6854,4.67396,7.91749,3.00668,62.2488,15.0516,0.25009,36.2802,1.49924
47.7235,0.830943,0.015123,19.925,4.19083,4.09475,0.949011,0.00358418,20.9307,2.74851,10.0974,4.15793,40.5076,15.96,0.346485,80.4009,1.44059
43.4398,0.989715,0.0126849,16.8969,3.17569,3.52746,0.913364,0.00948126,23.0393,4.32141,13.3967,3.67178,43.193,16.6818,0.471832,50.1074,1.46339
46.2565,0.922202,0.0111681,16.795,3.35401,3.63826,0.962118,0.00855003,24.164,4.62859,9.00544,3.67177,56.7825,19.0806,0.17256,90.2884,1.51894
41.2958,0.829323,0.0111419,21.0856,3.52225,3.87866,0.946609,0.0032951,25.8718,5.56699,6.9604,2.35899,64.0808,15.3683,0.298753,107.461,1.55848
47.0965,0.896693,0.00821018,18.2798,3.2322,4.37647,0.883543,0.0120589,24.1188,5.0438,9.97625,3.48986,49.6271,15.227,0.256739,36.1864,1.44017
44.4078,0.961968,0.0116996,17.474,3.32031,4.16761,0.973725,0.00616628,25.3,4.80719,7.11104,3.9976,77.8321,16.85,0.265086,42.3477,1.47369
44.4675,0.944498,0.0125043,18.7332,3.48228,4.33767,0.922904,0.0105214,23.1894,4.01056,8.00527,3.30505,40.159,14.2865,0.220527,64.8244,1.51585
37.766,0.947464,0.00793197,19.9581,3.19357,3.64363,0.929678,0.006032,27.1903,6.72174,7.43527,3.13133,74.9612,15.1234,0.330554,50.8026,1.54868
42.2107,0.969578,0.0144707,19.7995,3.49043,5.2364,0.982455,0.00675023,20.5749,5.8038,7.68315,3.30873,50.2666,13.9688,0.310418,32.754,1.54776
42.0911,0.956832,0.0143989,19.43,3.6751,4.58477,0.979298,0.00367008,23.1015,5.50135,11.2689,3.46462,54.4841,15.0528,0.419185,23.9275,1.56861
40.6397,0.965854,0.0143032,20.6314,3.83709,3.61263,0.972596,0.00426352,23.4249,4.68599,7.91065,3.92137,79.0445,14.9757,0.311001,40.6188,1.60362
36.8334,0.985713,0.00829409,17.5098,2.92233,3.9677,0.936736,0.0087699,22.804,4.66931,9.07689,3.76106,71.5497,16.6325,0.507751,29.6806,1.58576
47.01,0.94055,0.0117113,18.124,3.51453,3.04486,0.899042,0.00756316,26.4866,5.04302,14.1851,3.66228,35.0483,15.4989,0.305164,57.8319,1.47414
41.5237,0.966075,0.0065409,18.7486,3.23147,3.74705,0.847677,0.00126012,27.632,4.14765,14.5778,3.69103,38.0983,15.1438,0.199763,72.5101,1.58965
43.2888,0.879902,0.00888839,19.5705,3.41062,3.93412,0.963054,0.00348695,24.2536,5.08379,8.2946,3.35265,62.0053,15.6279,0.157684,78.3948,1.64362
43.8633,0.906446,0.0101666,18.8794,3.35344,3.87907,0.989084,0.00721067,27.0555,4.49326,12.2576,2.99376,44.9112,15.0968,0.244369,96.6754,1.62527
42.4132,0.891738,0.0135084,20.2872,3.79042,5.01744,0.996341,0.00916126,23.0951,6.43311,9.3649,2.69354,40.1181,15.304,0.208918,69.8424,1.57136
47.8135,0.869836,0.0137882,18.5147,3.65695,3.35672,0.939877,0.00388061,26.5502,4.83666,9.07666,4.10829,47.9501,15.7085,0.218759,67.798,1.45091
40.1401,0.967708,0.00481452,17.701,2.95084,5.78204,0.941569,0.00721948,20.8032,5.70984,14.7866,3.5715,40.7816,16.4736,0.263781,24.4658,1.63489
41.9451,0.9686,0.0078915,17.6259,2.9628,4.03044,0.922942,0.00269464,28.0357,4.89906,7.07717,3.62163,96.5482,15.8371,0.299706,98.0616,1.45882
44.7922,0.979947,0.00995398,17.6253,3.30624,5.23482,0.977146,0.00984831,19.3936,4.92271,6.9125,2.64256,83.5822,17.5124,0.343736,42.5911,1.54
37.863,0.994213,0.0114083,18.6142,3.06514,3.55949,0.940605,0.00674522,23.4238,2.9047,8.69373,4.29937,84.7184,15.7962,0.293347,27.535,1.55281
45.8242,0.935925,0.0057777,17.2123,3.08412,4.94932,0.987188,0.00942896,22.1572,6.79148,8.17361,3.10997,52.7647,17.2312,0.358965,51.4402,1.59934
37.852,0.953353,0.00633411,18.0925,2.92172,5.24883,0.949616,0.00563229,26.7353,8.07246,9.21097,5.32945,85.522,16.7514,0.396388,42.9877,1.55764
42.2697,0.968006,0.0128359,18.1852,3.24146,5.08792,0.792921,0.00357126,30.237,6.42716,6.93098,3.24825,55.0647,14.8693,0.136388,136.135,1.44212
46.8893,0.940536,0.0132246,17.7231,3.50228,4.31106,0.989053,0.0130862,24.5769,7.5084,11.8743,4.34191,31.4129,15.7282,0.336288,102.516,1.5464
44.1244,0.924249,0.00843605,18.7726,3.39607,4.17998,0.961089,0.00546494,25.2705,4.85287,17.2852,5.66575,43.906,15.8383,0.362731,71.3169,1.61966
43.8915,0.904371,0.0107484,19.508,3.59226,4.83967,0.924575,0.00236253,23.2582,4.99087,16.6826,3.40587,34.879,14.5093,0.182958,68.817,1.62429
50.3867,0.955294,0.00949601,17.0885,3.54433,6.41659,0.96183,0.00598921,22.9256,4.8772,10.425,4.02546,55.8487,15.8777,0.177863,146.224,1.57646
47.4385,0.940553,0.0134823,18.0985,3.55501,4.23415,0.958492,0.0115573,21.7008,4.77688,7.7756,3.44966,62.0699,15.7408,0.144454,72.7439,1.39467
46.0795,0.985291,0.0131247,18.4389,3.5572,4.20838,0.872519,0.00855361,25.5858,6.87754,8.92155,3.65791,71.4742,14.2521,0.0373912,99.0836,1.53924
37.3067,0.918525,0.00879406,19.6715,3.22046,4.28842,0.952892,0.0060816,26.8426,5.1954,11.0298,3.45093,62.4712,16.0597,0.243452,57.0709,1.63425
40.1866,0.929222,0.0116316,20.2679,3.46744,3.77387,0.944974,0.0078709,23.6687,4.49263,11.5638,3.33526,41.8959,14.0135,0.215681,80.8378,1.5243
40.3663,0.899168,0.00914424,19.1825,3.26339,3.06994,0.936773,0.00519216,27.691,4.00071,10.7885,6.06306,84.9923,16.5313,0.231887,72.583,1.58499
42.9458,0.896731,0.0135584,18.3481,3.17662,2.66743,0.967058,0.00619826,28.7437,8.79172,7.17561,3.38521,50.03,14.801,0.176925,51.9661,1.34794
48.1334,0.936034,0.0122132,17.9958,3.65005,4.40314,0.948697,0.00485402,24.3545,5.38431,9.38201,3.85453,51.8423,14.9659,0.393677,33.4375,1.52641
38.5401,0.911762,0.00844325,18.6544,3.10285,3.94544,0.914026,0.00363661,28.3053,6.61173,11.3048,3.72504,46.5207,17.0323,0.407422,47.9539,1.56599
46.606,0.871229,0.0105386,20.0617,3.71671,3.68028,0.961641,0.00955986,25.8379,7.8191,9.36497,4.31455,42.7888,13.8041,0.371803,47.1129,1.59125
39.9623,0.878221,0.0112701,20.5269,3.51859,3.54043,0.973848,0.00247334,26.4169,7.62071,7.41949,4.02909,61.5759,15.2398,0.633249,31.2374,1.56402
45.2562,0.905766,0.0108175,18.2538,3.33015,4.82162,0.890256,0.00645829,24.4354,5.16735,9.58786,3.75375,38.524,15.7086,0.170949,51.5439,1.49202
42.5459,0.992003,0.00805171,17.2459,3.03124,4.13981,0.980227,0.00772858,22.6305,4.09865,7.7102,3.55318,58.3614,16.143,0.462182,49.9689,1.54687
38.0795,0.985303,0.0079029,18.9164,3.04418,4.78687,0.887624,0.00776666,25.2569,6.4387,9.3633,2.88275,68.2723,15.8854,0.469181,49.1212,1.50757
46.4602,0.914221,0.0128705,19.2643,3.69113,4.69592,0.9791,0.00310014,23.1591,4.56385,8.24469,3.60486,55.8055,14.2965,0.322339,76.2594,1.58726
38.9281,0.927042,0.00895523,19.0736,3.24589,4.82487,0.91605,0.00918409,24.6421,7.00833,10.5533,4.10788,53.6474,16.4735,0.447084,39.6914,1.55881
46.0908,0.865619,0.0105737,18.7903,3.6417,5.15175,0.944659,0.00774419,23.1872,5.68301,6.374,3.32885,57.7479,17.233,0.250519,29.8115,1.54837
43.246,0.9274,0.0119625,19.3448,3.70637,4.39219,0.794582,0.00764127,28.2499,3.74022,10.2252,4.47704,59.9748,15.7899,0.485216,48.9987,1.55225
41.8854,0.826854,0.00850452,19.7283,3.34626,4.15872,0.924858,0.0060338,30.2033,6.89683,9.62314,3.02126,45.228,15.9927,0.43878,42.0135,1.56567
41.7428,0.940519,0.0106456,18.2966,3.18155,5.53456,0.974287,0.00520789,25.4701,6.73492,12.3452,3.69337,33.8063,15.45,0.11,154.159,1.50735
41.018,0.902436,0.0102142,21.7197,3.76639,3.81676,0.985937,0.00047649,26.7716,7.04357,10.6431,4.53512,63.344,14.7815,0.624579,29.3226,1.64761
47.8948,0.958261,0.0119758,18.0352,3.64535,4.06243,0.928026,0.00481657,23.4842,6.02011,8.18093,3.7676,57.6731,15.6687,0.484412,41.7406,1.57062
43.3892,0.969751,0.00521818,17.7224,2.89858,4.5464,0.998636,0.00640636,24.4997,5.51347,9.43785,4.61839,58.8819,14.2181,0.329429,66.7226,1.51313
42.9103,0.911947,0.00775253,18.2381,3.13345,5.80822,0.958395,0.00429389,24.0444,6.70213,10.7375,3.47525,37.8674,16.495,0.364864,51.2936,1.56509
43.702,0.940736,0.00961827,17.7622,3.30068,3.03236,0.988567,0.00434026,25.591,5.98097,10.5892,4.0115,74.5433,17.9245,0.396088,51.9939,1.47263
45.9998,0.936015,0.0104266,16.3472,3.15522,4.57036,0.961748,0.0180841,23.2129,7.41241,10.0704,3.92309,57.6013,18.2507,0.350895,35.4172,1.47444
38.5975,0.931491,0.0104569,18.9278,3.26924,4.02259,0.969708,0.00501418,25.7392,5.90795,10.502,4.3101,69.6102,17.2257,0.525969,38.8138,1.56741
40.8403,0.845813,0.00967091,20.3626,3.43025,5.25568,0.966368,0.00573931,23.9786,6.33204,9.19879,5.20852,55.9274,15.8301,0.477995,56.5848,1.58512
44.765,0.955862,0.00715817,18.4113,3.18452,5.32489,0.989976,0.00434011,23.9096,7.12955,9.27191,4.54024,72.7729,14.2871,0.261758,87.1197,1.63266
39.5294,0.888135,0.0113829,20.1918,3.50309,5.07377,0.989282,0.00559331,26.0622,6.17272,6.95614,2.70052,77.6065,16.908,0.758958,28.6709,1.58094
49.5354,0.939059,0.0132355,17.0889,3.45668,4.55263,0.901273,0.0201564,23.1282,5.90026,9.70458,5.63234,59.6785,16.9098,0.255542,57.3006,1.50519
44.3834,0.965614,0.0112894,18.0239,3.41354,3.97794,0.973368,0.0082793,23.8899,5.89749,6.8758,2.72407,63.1872,15.2003,0.279863,29.0802,1.55999
35.6121,0.961709,0.0140624,20.6354,3.29311,3.7349,0.907568,0.0102779,22.2968,3.93287,5.68675,2.732,74.1644,13.5663,0.342651,43.1979,1.46562
34.8689,0.821038,0.00916962,22.9346,3.50474,3.69443,0.928007,0.00259751,28.6589,5.2378,7.53539,3.65976,59.1147,15.7467,0.368297,38.8334,1.51589
43.5558,0.93644,0.0138871,18.7798,3.47492,2.99107,0.941138,0.00243831,25.3109,4.48679,12.1465,3.67039,40.4338,15.0031,0.262753,69.0733,1.46971
42.7657,0.875647,0.0149542,19.2639,3.58504,5.01912,0.991881,0.008828,22.9853,6.04577,11.4332,4.7545,45.749,15.9386,0.251899,48.6222,1.49562
43.8044,0.88344,0.0102666,18.5487,3.44287,4.59764,0.931854,0.0129176,23.5052,5.19204,11.6574,3.49987,54.8825,16.641,0.176438,57.2684,1.4463
40.4775,0.870848,0.00863257,19.7081,3.37707,4.01243,0.929751,0.00433048,25.4121,4.60973,10.6022,4.25175,64.8794,16.5718,0.462538,45.8637,1.53414
42.1043,0.952515,0.0093664,17.5024,3.1126,4.09156,0.968393,0.00654101,23.3921,5.86981,15.9672,5.41304,40.2243,17.4703,0.253607,35.8497,1.56869
47.4361,0.843937,0.0136013,18.5567,3.65151,6.06961,0.991437,0.00790839,27.1999,6.05865,8.14928,3.69113,51.2336,16.2716,0.280915,135.969,1.44468
42.0327,0.877347,0.00667305,18.5642,3.12455,4.3296,0.985627,0.00719908,23.9519,5.32839,8.59436,2.78936,53.1372,17.116,0.230373,51.1838,1.58755
43.7937,0.870109,0.012202,19.4414,3.67658,4.14882,0.936943,0.00604455,27.1653,6.23502,7.39084,5.2565,54.567,17.2289,0.460661,24.192,1.48462
39.903,0.900521,0.0120369,17.8336,3.29269,3.84,0.938347,0.00860318,27.8869,5.9982,11.4447,4.60011,53.7874,17.9614,0.424524,23.47,1.43369
43.7349,0.940063,0.0117211,18.7992,3.33225,5.20823,0.9707,0.00492457,25.557,6.59328,12.1182,4.32538,50.5875,14.8745,0.340391,54.8118,1.53311
39.6939,0.926889,0.011753,19.8197,3.43539,4.55754,0.900476,0.00712622,26.2994,6.53088,8.03376,3.05197,72.7198,15.1812,0.274655,70.6488,1.54769
40.4934,0.948729,0.00997165,18.1747,3.20268,3.94398,0.96417,0.00700009,27.1534,6.12535,16.2178,5.64105,55.677,16.357,0.369944,43.1363,1.58744
45.2576,0.96109,0.00998946,18.1003,3.37781,5.98654,0.964789,0.00689504,22.0117,8.67467,14.628,5.73244,48.2192,15.0636,0.398695,56.2731,1.59884
44.8721,0.860815,0.00880374,19.317,3.48448,4.15227,0.905576,0.00497112,28.7049,5.77933,10.9902,3.28871,52.7339,17.065,0.233189,99.1346,1.52304
40.4445,0.924304,0.0089813,19.2936,3.22152,4.43512,0.975016,0.00789395,23.9774,6.92571,6.12981,3.19595,82.9621,15.6831,0.451395,49.2182,1.57551
40.3461,0.892259,0.0163013,20.2182,3.6723,4.32871,0.948422,0.00918543,25.0643,5.30566,7.86942,4.16301,63.1997,15.8512,0.17691,107.191,1.47842
47.6867,0.965766,0.00640526,17.9617,3.32954,4.76575,0.994279,0.00373774,21.7025,4.23309,7.31827,2.73776,67.0434,15.3384,0.255915,31.0945,1.61967
40.5559,0.923896,0.0107143,19.8408,3.4497,4.73174,0.947326,0.00738743,23.425,5.3749,11.4857,3.71114,42.3372,15.14,0.296489,75.3191,1.60418
38.3762,0.968324,0.00961142,19.7195,3.31885,4.01669,0.985904,0.00312765,24.8199,4.58033,11.5907,2.66479,41.2985,16.3024,0.299827,73.3581,1.66409
38.9682,0.973343,0.00814691,19.5098,3.1869,3.67562,0.903012,0.00496771,23.51,4.74008,5.61662,2.97863,81.7762,15.2864,0.175289,59.27,1.61397
42.1245,0.96628,0.0128338,18.4116,3.18779,4.78136,0.990979,0.00800687,21.3546,8.12712,8.73162,2.70578,44.4954,14.5204,0.265242,31.7957,1.55562
48.9825,0.934588,0.0113453,17.4109,3.47829,3.05127,0.910675,0.00965773,27.2284,4.18752,8.50096,3.06729,51.4832,15.9047,0.434639,35.5946,1.5226
42.5926,0.980504,0.00969196,17.6761,3.24754,4.15302,0.970199,0.00673763,23.4383,6.05061,9.56942,4.19467,68.56,16.4948,0.356663,34.4296,1.60257
45.5038,0.886007,0.0148334,18.2398,3.57044,4.61537,0.970594,0.0081435,22.949,4.38275,12.3371,4.66905,55.0885,16.8599,0.372455,61.2647,1.45848
39.0763,0.906948,0.0143327,19.7279,3.44205,4.22287,0.98893,0.00677443,23.318,4.16511,11.5007,6.73024,44.9418,16.3536,0.183081,51.4041,1.49614
36.4521,0.961216,0.00902821,19.4926,3.26776,5.29851,0.980377,0.00998607,22.0648,5.44495,8.88546,3.15641,55.6759,17.829,0.548247,27.2557,1.57201
47.0273,0.930398,0.0104353,17.962,3.59989,3.36537,0.946014,0.00413495,27.6093,5.82995,5.613,3.7445,74.4267,15.6705,0.184753,30.5628,1.59042
39.3924,0.910162,0.00936838,18.5591,3.14071,3.99899,0.973163,0.00872716,26.5818,6.06034,9.34935,3.61266,75.7514,18.2083,0.205212,40.7035,1.62921
42.5768,0.879456,0.0106591,19.4675,3.37958,4.61669,0.968599,0.00908769,26.2994,6.47164,10.0605,4.91529,45.7554,14.8935,0.146945,107.759,1.48967
41.1378,0.91404,0.00932668,19.4757,3.23271,3.76663,0.855176,0.00508364,28.2163,5.02169,8.68044,4.62487,57.5629,15.3548,0.403769,39.7569,1.50868
42.0978,0.916621,0.0102474,19.4289,3.32772,4.91291,0.936851,0.010405,22.7234,4.76056,10.0423,3.39416,55.6358,15.44,0.288992,62.5626,1.55454
35.5708,0.927031,0.00979445,18.9381,3.03815,5.0935,0.877421,0.00942648,26.3913,7.51318,9.60993,5.59047,60.7957,16.8521,0.443398,46.3741,1.44303
38.8532,0.888126,0.00820488,19.9067,3.229,3.25467,0.969393,0.00608986,26.0395,4.56558,7.8554,3.30144,71.5651,16.1097,0.16378,46.3369,1.54343
41.9344,0.874915,0.00780339,18.9624,3.30252,3.96476,0.98428,0.00581564,24.588,5.08216,17.2375,5.46172,40.9196,17.5596,0.58181,39.068,1.46503
38.1883,0.943304,0.00539451,18.9103,2.93879,4.30797,0.958079,0.00540429,24.4256,5.67042,11.2795,4.19325,49.235,15.4003,0.403746,38.1573,1.55857
39.3552,0.907868,0.0074658,20.6539,3.32545,4.53188,0.924631,0.00329154,25.3549,5.06884,8.0665,3.0776,64.0515,14.611,0.366223,34.8145,1.61635
34.6689,0.884152,0.00597637,21.7146,2.99938,3.06373,0.945721,0.00548036,27.4117,5.87563,8.98443,3.47004,49.8235,14.9445,0.23438,59.5096,1.63636
47.0498,0.824254,0.012229,18.8601,3.80008,2.77771,0.949227,0.00410191,30.5921,4.85409,12.6403,4.11456,46.6011,16.073,0.325024,25.1833,1.56228
36.9713,0.889972,0.0116593,20.791,3.37785,4.75319,0.984179,0.00587458,26.233,6.14898,10.8236,5.03418,46.1849,14.9618,0.353125,94.1246,1.6255
40.9077,0.908507,0.0132997,19.9795,3.65449,2.64809,0.910827,0.00406027,29.1168,5.21048,14.8922,4.8569,48.6275,16.0048,0.391592,82.3742,1.57157
44.6429,0.930081,0.0179097,18.3757,3.89376,4.10807,0.920149,0.0151166,21.5479,4.57107,11.6626,4.73149,53.8879,17.7357,0.340527,34.4873,1.38403
42.8039,0.964115,0.00534308,18.82,3.3234,3.63125,0.997215,0.00399755,23.2731,5.17632,10.1703,4.13959,104.425,17.3273,0.179608,28.0909,1.72313
43.1056,0.974561,0.00974425,18.7388,3.454,4.53475,0.944525,0.00758988,24.1028,5.50461,8.15649,3.56455,57.742,16.3242,0.217688,70.2312,1.45679
46.115,0.981759,0.0161339,17.3901,3.51528,3.96833,0.916214,0.00636523,23.6337,4.42693,6.68386,2.47676,72.9615,16.8654,0.332884,48.773,1.47426
41.6726,0.97749,0.011349,18.6198,3.37107,4.18534,0.969205,0.00320376,24.6671,5.36593,7.76673,3.01407,107.194,15.9633,0.473579,37.8287,1.61517
41.1409,0.909079,0.0117732,20.338,3.69831,3.70006,0.881468,0.00687833,25.7357,4.97389,8.00821,3.40376,54.278,15.8549,0.260452,48.9835,1.56759
41.03,0.896,0.0136561,20.9386,3.89383,5.49159,0.95913,0.0075391,20.8161,5.03022,9.34488,3.52137,45.8625,16.3666,0.678988,30.661,1.64449
39.8817,0.953117,0.0079792,18.3506,3.06362,5.11936,0.978684,0.00709707,20.8438,4.18865,11.6337,4.49066,45.8093,16.7714,0.509948,48.2701,1.46247
38.7046,0.974473,0.0102723,17.0019,2.87767,4.84319,0.963862,0.00999135,26.4247,5.18529,13.3551,3.22902,45.5273,17.4615,0.227298,140.439,1.36873
40.0753,0.950348,0.0132497,17.9676,3.18556,3.75784,0.957522,0.0178676,21.7635,5.71647,9.97998,4.03672,57.4664,17.2036,0.256694,40.848,1.45098
38.3096,0.974966,0.0125141,18.1665,3.20193,6.6015,0.97528,0.010706,22.0815,5.76773,8.97925,4.21424,68.0776,17.2687,0.272088,38.0788,1.54856
38.5571,0.968227,0.0149231,19.6157,3.47953,6.00391,0.971701,0.0119666,20.8611,5.39908,10.4291,4.12984,57.115,15.1522,0.58224,29.985,1.54221
42.3636,0.919228,0.0114523,19.1057,3.56644,4.3008,0.972591,0.0120484,22.7266,4.87417,13.7445,5.39754,39.2771,17.4724,0.428705,54.3577,1.51709
40.3363,0.935952,0.00919558,18.4569,3.09716,5.70212,0.950996,0.00644104,24.173,6.30367,9.27613,3.32546,57.1684,16.7635,0.21678,85.6009,1.5414
41.8301,0.969498,0.00883753,19.2402,3.53044,4.01468,0.904839,0.00788614,24.0683,4.73322,7.95041,2.75868,64.4568,16.2198,0.4477,24.9905,1.5944
44.3794,0.944323,0.00833392,18.6553,3.42209,5.19043,0.995544,0.00294855,24.0262,6.61203,7.87031,5.06495,72.8014,15.5783,0.421938,35.0589,1.68306
42.8674,0.938527,0.00904322,18.1329,3.26865,4.0219,0.934959,0.00663148,23.3671,4.30498,8.62969,3.38722,65.9369,15.8218,0.556799,28.4165,1.56092
49.2569,0.95678,0.0145346,17.9286,3.62133,4.42814,0.971328,0.00826372,21.5618,4.50703,8.75374,2.74556,40.5264,14.5294,0.135936,117.844,1.51475
51.0288,0.960244,0.0189436,17.3444,3.80845,5.73791,0.94931,0.00873925,21.8746,4.58032,15.4422,5.07982,36.223,15.3684,0.392413,92.3606,1.56315
47.0762,0.931663,0.016745,18.734,4.08302,3.95876,0.90022,0.00309937,28.7069,5.48604,9.32853,4.97797,43.7941,15.6494,0.234088,87.969,1.52086
43.3418,0.943098,0.010734,17.7789,3.19814,4.30224,0.88713,0.00478585,25.5524,6.64858,8.95791,3.14725,45.6954,15.5559,0.601255,33.3054,1.50274
41.2742,0.967587,0.0141943,17.8782,3.12571,4.67294,0.92487,0.00889522,21.867,5.98132,15.9369,5.81568,29.7334,15.009,0.161398,107.387,1.42039
50.9303,0.991124,0.0085292,15.6656,3.2564,5.64903,0.969261,0.00451666,22.5077,5.72942,11.894,3.86892,57.9116,17.1364,0.181955,101.431,1.59711
48.7732,0.89987,0.00980024,17.203,3.40585,4.35588,0.930635,0.004652,25.438,5.7289,9.00959,3.96539,49.6243,16.6277,0.273917,40.2098,1.5851
36.9614,0.884392,0.0106755,20.7882,3.37102,4.96124,0.975929,0.00764345,24.0922,6.15034,6.06222,3.09849,67.472,15.4712,0.291574,48.1931,1.61159
37.4308,0.831161,0.00913544,22.2485,3.68952,3.35587,0.93791,0.00631365,26.5089,7.79042,10.4759,4.39588,50.9077,16.2195,0.0756098,70.6993,1.52939
39.554,0.947405,0.0093929,19.1246,3.28077,3.67682,0.996794,0.00349183,22.538,4.72153,9.12816,4.55051,71.7775,16.7614,0.217281,58.4039,1.59671
44.9922,0.958249,0.0129568,18.5594,3.68725,4.04025,0.967999,0.00419858,23.722,4.2971,8.97244,7.29798,79.0267,16.325,0.294823,32.3685,1.59338
41.4636,0.865158,0.013798,19.7884,3.48977,4.98997,0.928801,0.00217527,24.2401,4.32185,8.88974,4.5567,57.999,15.99,0.142098,141.325,1.45559
44.8414,0.982448,0.0131728,18.1223,3.25099,6.3738,0.962865,0.0115396,21.1682,5.22519,10.9609,4.21863,40.7244,15.1605,0.164915,132.212,1.41067
43.6593,0.987504,0.0117759,17.0314,3.20991,6.48114,0.907125,0.0134465,22.3036,5.41805,9.26328,3.43453,52.3625,17.497,0.217193,120.643,1.39839
42.0935,0.894026,0.00823224,18.5558,3.16608,5.39443,0.967847,0.00465726,25.8961,5.38007,10.3667,4.09132,49.1846,15.9943,0.236771,109.338,1.51009
34.4176,0.849961,0.00661359,21.5733,3.28154,3.95452,0.99122,0.00392538,24.5367,4.35536,9.89943,3.22548,54.7494,17.4448,0.276934,45.3951,1.62914
39.5483,0.888841,0.00867419,20.2679,3.41561,5.07262,0.907393,0.00426832,25.9685,6.1791,8.612,3.2969,61.6354,15.5436,0.165343,42.8377,1.57489
37.6629,0.908595,0.00902123,20.2937,3.30986,4.95253,0.975266,0.00512736,24.9929,4.97984,13.9276,4.68357,41.4527,15.0395,0.353047,99.2355,1.5811
42.5272,0.955783,0.00973713,18.6531,3.30678,4.66953,0.94398,0.00219323,25.4107,4.91235,9.34257,3.43579,62.7309,16.5642,0.317069,43.0817,1.61991
39.7167,0.92412,0.0129706,19.9804,3.53391,3.96522,0.814086,0.00346343,30.3327,5.46294,8.33349,4.53333,41.0404,14.416,0.40655,64.2638,1.53584
40.8388,0.953691,0.00919023,19.5856,3.28368,4.04269,0.974179,0.00440132,25.3257,6.68837,11.6988,5.85745,45.9648,15.0087,0.930856,22.1663,1.53688
44.8202,0.880747,0.0117144,19.8753,4.05196,3.26628,0.969071,0.00585061,25.4592,5.63156,7.32653,3.27879,60.2395,17.071,0.415914,44.5455,1.56865
40.8889,0.96573,0.0111951,18.7474,3.33759,5.40318,0.952724,0.00851647,21.2915,5.43292,8.64451,3.32149,76.0117,16.7229,0.246826,54.9006,1.48577
44.0485,0.872268,0.0120996,19.8974,3.69311,3.58852,0.895267,0.00387422,29.8362,8.76151,12.3756,6.03333,41.3334,15.099,0.481041,36.7811,1.57932
37.7296,0.936,0.00882542,19.0957,3.14565,3.48594,0.991919,0.00637315,24.2109,5.17105,8.94979,4.50423,86.306,16.8125,0.140385,50.4083,1.57332
39.0394,0.920595,0.00918636,19.0163,3.28702,6.0765,0.902118,0.00836319,22.4776,5.10619,13.9717,3.54982,51.8265,17.3661,0.330789,57.7236,1.53573
41.9809,0.915953,0.0115562,19.0649,3.39653,3.68431,0.922872,0.00733365,26.595,5.96873,10.8416,3.50089,38.2919,15.7842,0.323985,53.735,1.51541
42.9121,0.812431,0.00986113,21.559,3.6555,4.41973,0.9411,0.00304612,27.7583,6.90589,8.4785,3.6648,63.6444,14.6589,0.373601,35.3544,1.61124
45.1975,0.883136,0.00890157,19.1325,3.39321,5.08275,0.942572,0.00660481,24.6648,4.96766,9.06878,2.90907,60.9145,16.0416,0.300496,28.5848,1.51698
38.6691,0.915815,0.00972078,20.0349,3.25195,4.15485,0.934229,0.00811327,24.8366,4.25502,8.58581,4.21624,66.9827,14.5345,0.0948303,46.8005,1.48704
37.0466,0.873233,0.00917897,22.0486,3.52246,5.09722,0.995452,0.0023325,26.9846,8.98143,8.644,2.93334,56.0437,14.2688,0.489815,59.5381,1.68062
36.5737,0.825628,0.00825353,23.0092,3.71023,5.80372,0.989362,0.00314432,26.953,6.86738,13.6147,6.84466,53.8624,15.2345,0.170348,69.5651,1.74088
40.6886,0.899103,0.0118288,19.9995,3.4838,3.99244,0.939555,0.0101486,24.0234,6.18054,9.52571,4.17326,44.3155,15.7971,0.244632,57.1065,1.49938
39.3277,0.927421,0.00914046,19.413,3.22618,3.87889,0.988919,0.00767937,23.0428,4.95684,7.52405,4.74052,65.6319,16.1136,0.335878,43.3561,1.52008
46.9476,0.95364,0.0118211,16.7031,3.32874,4.40658,0.942971,0.00724577,25.2229,5.98472,7.7148,2.58911,44.0982,16.7806,0.107856,54.9888,1.49508
38.7711,0.97399,0.0100217,17.8395,2.97655,6.12969,0.848712,0.0229731,21.1643,6.63179,8.32048,4.70192,78.9758,17.7784,0.318239,33.0834,1.33291
42.5043,0.889255,0.0145497,18.6419,3.57784,3.97986,0.951026,0.00728096,24.0213,4.90161,12.9203,5.01626,49.0102,17.1832,0.363592,44.8092,1.43433
41.9425,0.923801,0.00772078,18.3624,3.02787,4.12954,0.947318,0.00290881,24.376,4.67934,7.89513,4.06262,85.0363,15.7832,0.174672,46.388,1.40935
43.6336,0.91642,0.00954484,17.6366,3.21724,4.02841,0.974192,0.00399414,26.8323,6.91227,8.98356,2.71063,45.9656,17.224,0.16157,82.0265,1.44606
43.7172,0.90806,0.0103757,18.0695,3.40764,3.3937,0.992477,0.00343762,24.863,4.06082,8.62341,3.69049,74.5721,18.8525,0.188146,38.0445,1.6095
44.2863,0.8853,0.0127409,19.8454,3.74632,4.3279,0.927969,0.00566678,25.6752,5.81638,7.83545,2.12304,36.9022,15.7597,0.521223,52.4492,1.59816
42.211,0.954508,0.00834095,17.2882,3.06126,4.53202,0.967691,0.00637175,22.3884,4.83025,4.60451,2.36903,110.283,17.3105,0.133077,82.3841,1.55022
36.9952,0.972677,0.0115061,19.05,3.14989,3.84706,0.979201,0.00255504,26.9855,6.1992,9.17136,5.01411,77.301,16.5674,0.184091,41.7129,1.49136
35.1616,0.970481,0.0121091,19.0396,2.98267,3.21399,0.984596,0.012541,23.1102,5.02058,10.396,3.69134,64.6347,16.0766,0.372993,45.8894,1.49924
49.1656,0.905122,0.0141619,17.1959,3.82101,4.22861,0.963929,0.00495773,25.8698,6.02735,11.8001,5.52526,49.1761,18.0537,0.106427,53.6617,1.48768
43.2103,0.939269,0.016035,19.2993,3.75304,5.92905,0.952438,0.00756301,21.6472,4.84143,14.4415,4.71337,44.6803,16.3633,0.0946061,136.893,1.55332
43.0556,0.939497,0.0112673,19.1249,3.34385,3.40097,0.972104,0.0094227,22.839,5.46748,7.98752,2.99807,52.0159,14.5238,0.126377,47.625,1.53897
41.4551,0.969363,0.0117622,18.0085,3.02003,5.46222,0.908194,0.0180498,22.7255,6.35727,8.86746,4.19774,72.6528,16.4297,0.545637,23.1136,1.37088
41.9353,0.847871,0.0085542,19.4371,3.31154,4.2743,0.958256,0.00929624,23.1934,4.91497,18.6217,7.47259,35.3515,16.9861,0.359063,51.4512,1.59033
39.1804,0.878511,0.0107259,19.5761,3.26598,5.42384,0.904168,0.00665789,28.1246,6.1109,17.439,4.71965,31.4446,16.4893,0.26626,120.16,1.40441
40.89,0.979649,0.0107001,18.595,3.25851,5.808,0.972003,0.00661176,22.1712,8.11927,7.83887,4.31451,72.6668,15.7369,0.509774,48.4079,1.49243
42.4952,0.877255,0.0106307,18.6034,3.34431,4.82506,0.996,0.0107682,23.9066,7.66996,9.23652,3.59145,64.7657,18.5864,0.452639,34.0753,1.50295
37.8211,0.88578,0.00978559,19.18,3.15026,3.85694,0.936894,0.0128485,24.6205,5.57116,10.6931,3.56784,50.6987,18.2408,0.29377,48.0652,1.4623
38.1004,0.851126,0.00928911,19.3623,3.13852,3.28396,0.961348,0.00388655,26.3544,5.41472,8.26142,3.81109,68.7005,17.2059,0.410143,27.4105,1.52028
42.2299,0.880306,0.00838987,18.7042,3.28155,3.11127,0.956571,0.00570844,23.0468,4.99523,12.7818,4.31936,37.5009,16.1188,0.292098,44.1024,1.55546
42.3001,0.946775,0.0147747,18.1989,3.36277,6.30436,0.977877,0.010331,22.6149,6.64574,9.9371,3.77055,53.4396,16.404,0.328086,56.6115,1.42366
49.285,0.996994,0.0115994,16.7134,3.3523,6.90028,0.929459,0.00677113,20.2847,6.25784,11.1699,5.00666,49.2314,15.8644,0.312257,28.6819,1.55484
39.4272,0.902549,0.0148351,20.612,3.65497,3.35747,0.909455,0.00491951,29.4965,5.08697,11.6007,6.24726,46.1491,15.0574,0.153805,105.959,1.4771
42.5241,0.850282,0.013963,20.902,3.80742,4.15999,0.949234,0.00273508,28.3803,5.11318,9.79298,3.73618,43.312,14.7446,0.3643,100.055,1.54747
42.5201,0.912798,0.00865419,19.2856,3.39673,4.41456,0.908267,0.00385797,26.9587,6.56529,7.86367,4.17688,61.6251,15.3194,0.27274,68.4503,1.62
41.418,0.883732,0.00710887,20.3697,3.44498,4.17402,0.939822,0.00764315,25.8582,5.32357,8.51975,3.80624,55.9457,16.3271,0.482423,25.884,1.60658
38.1784,0.904309,0.00788689,19.9338,3.17743,4.19074,0.994191,0.00441656,25.7432,6.42197,10.797,4.43167,71.1723,15.6887,0.27013,48.232,1.53816
40.7609,0.895026,0.00989311,19.8089,3.34823,4.91276,0.954687,0.0045706,22.239,5.46676,6.2193,2.84697,57.9777,16.8079,0.627291,29.3863,1.53489
